 
****************************************
Report : timing
        -path full
        -delay max
        -nworst 2
        -input_pins
        -nets
        -max_paths 20
Design : cpu_core
Version: O-2018.06-SP1
Date   : Wed Oct  7 19:46:38 2026
****************************************

 # A fanout number of 1000 was used for high fanout net computations.

Operating Conditions: TYPICAL   Library: smic13_tt
Wire Load Model Mode: segmented

  Startpoint: u_id_stage/id_ex_rs2_reg[0]
              (rising edge-triggered flip-flop clocked by clk)
  Endpoint: imem_en (output port clocked by clk)
  Path Group: clk
  Path Type: max

  Des/Clust/Port     Wire Load Model       Library
  ------------------------------------------------
  regfile            reference_area_100000 smic13_tt
  pipeline_control_0 reference_area_20000  smic13_tt
  mem_stage          reference_area_20000  smic13_tt
  id_stage           reference_area_100000 smic13_tt
  cpu_core           reference_area_1000000
                                           smic13_tt
  if_stage_00000000  reference_area_20000  smic13_tt
  forwarding_unit    reference_area_20000  smic13_tt

  Point                                       Fanout      Incr       Path
  --------------------------------------------------------------------------
  clock clk (rise edge)                                   0.00       0.00
  clock network delay (ideal)                             0.00       0.00
  u_id_stage/id_ex_rs2_reg[0]/CK (FFDRHQHD3X)             0.00 #     0.00 r
  u_id_stage/id_ex_rs2_reg[0]/Q (FFDRHQHD3X)              0.14       0.14 r
  u_id_stage/id_ex_rs2[0] (net)                 3         0.00       0.14 r
  u_id_stage/id_ex_rs2[0] (id_stage)                      0.00       0.14 r
  id_ex_rs2[0] (net)                                      0.00       0.14 r
  u_ex_stage/u_forwarding_unit/ex_rs2[0] (forwarding_unit)
                                                          0.00       0.14 r
  u_ex_stage/u_forwarding_unit/ex_rs2[0] (net)            0.00       0.14 r
  u_ex_stage/u_forwarding_unit/U45/B (XNOR2HD2X)          0.00       0.14 r
  u_ex_stage/u_forwarding_unit/U45/Z (XNOR2HD2X)          0.17       0.31 f
  u_ex_stage/u_forwarding_unit/n29 (net)        1         0.00       0.31 f
  u_ex_stage/u_forwarding_unit/U47/A (AND2CLKHD3X)        0.00       0.31 f
  u_ex_stage/u_forwarding_unit/U47/Z (AND2CLKHD3X)        0.10       0.42 f
  u_ex_stage/u_forwarding_unit/n30 (net)        1         0.00       0.42 f
  u_ex_stage/u_forwarding_unit/U15/B (NAND2HD3X)          0.00       0.42 f
  u_ex_stage/u_forwarding_unit/U15/Z (NAND2HD3X)          0.04       0.46 r
  u_ex_stage/u_forwarding_unit/n31 (net)        1         0.00       0.46 r
  u_ex_stage/u_forwarding_unit/U39/B (NOR2HD3X)           0.00       0.46 r
  u_ex_stage/u_forwarding_unit/U39/Z (NOR2HD3X)           0.04       0.50 f
  u_ex_stage/u_forwarding_unit/n52 (net)        2         0.00       0.50 f
  u_ex_stage/u_forwarding_unit/U60/B (NOR2HD2X)           0.00       0.50 f
  u_ex_stage/u_forwarding_unit/U60/Z (NOR2HD2X)           0.06       0.56 r
  u_ex_stage/u_forwarding_unit/n53 (net)        1         0.00       0.56 r
  u_ex_stage/u_forwarding_unit/U40/B (AND2CLKHD4X)        0.00       0.56 r
  u_ex_stage/u_forwarding_unit/U40/Z (AND2CLKHD4X)        0.14       0.70 r
  u_ex_stage/u_forwarding_unit/forward_b[0] (net)
                                                3         0.00       0.70 r
  u_ex_stage/u_forwarding_unit/forward_b[0] (forwarding_unit)
                                                          0.00       0.70 r
  u_ex_stage/forward_b[0] (net)                           0.00       0.70 r
  U1591/A (XNOR2HD3X)                                     0.00       0.70 r
  U1591/Z (XNOR2HD3X)                                     0.18       0.88 f
  n2931 (net)                                   1         0.00       0.88 f
  U1724/A (INVHD4X)                                       0.00       0.88 f
  U1724/Z (INVHD4X)                                       0.06       0.94 r
  n2187 (net)                                   1         0.00       0.94 r
  U2567/A (INVHD8X)                                       0.00       0.94 r
  U2567/Z (INVHD8X)                                       0.06       1.00 f
  n2188 (net)                                  10         0.00       1.00 f
  U2823/A (INVCLKHD14X)                                   0.00       1.00 f
  U2823/Z (INVCLKHD14X)                                   0.06       1.06 r
  n3012 (net)                                   8         0.00       1.06 r
  U2512/B (NOR2HD3X)                                      0.00       1.06 r
  U2512/Z (NOR2HD3X)                                      0.04       1.09 f
  n2802 (net)                                   1         0.00       1.09 f
  U2265/B (NOR2HD3X)                                      0.00       1.09 f
  U2265/Z (NOR2HD3X)                                      0.07       1.16 r
  n2048 (net)                                   1         0.00       1.16 r
  U2263/B (NAND2HD3X)                                     0.00       1.16 r
  U2263/Z (NAND2HD3X)                                     0.09       1.25 f
  n2047 (net)                                   3         0.00       1.25 f
  U2208/A (INVHD6X)                                       0.00       1.25 f
  U2208/Z (INVHD6X)                                       0.05       1.29 r
  n2781 (net)                                   3         0.00       1.29 r
  U2468/B (NAND2HD3X)                                     0.00       1.29 r
  U2468/Z (NAND2HD3X)                                     0.10       1.40 f
  n2780 (net)                                   5         0.00       1.40 f
  U2390/A (INVCLKHD3X)                                    0.00       1.40 f
  U2390/Z (INVCLKHD3X)                                    0.07       1.46 r
  n2391 (net)                                   2         0.00       1.46 r
  U2326/B (NOR2HD3X)                                      0.00       1.46 r
  U2326/Z (NOR2HD3X)                                      0.04       1.50 f
  n2717 (net)                                   1         0.00       1.50 f
  U1669/B (NOR2HD3X)                                      0.00       1.50 f
  U1669/Z (NOR2HD3X)                                      0.06       1.56 r
  n1789 (net)                                   1         0.00       1.56 r
  U1668/B (NAND2HD2X)                                     0.00       1.56 r
  U1668/Z (NAND2HD2X)                                     0.04       1.60 f
  n3121 (net)                                   1         0.00       1.60 f
  U3256/C (AOI21HD1X)                                     0.00       1.60 f
  U3256/Z (AOI21HD1X)                                     0.13       1.73 r
  n3130 (net)                                   1         0.00       1.73 r
  U1729/A (NAND2HD2X)                                     0.00       1.73 r
  U1729/Z (NAND2HD2X)                                     0.05       1.79 f
  n1837 (net)                                   1         0.00       1.79 f
  U1728/A (INVHD2X)                                       0.00       1.79 f
  U1728/Z (INVHD2X)                                       0.05       1.83 r
  n2697 (net)                                   1         0.00       1.83 r
  U1682/B (NAND2HD2X)                                     0.00       1.83 r
  U1682/Z (NAND2HD2X)                                     0.04       1.87 f
  n1799 (net)                                   1         0.00       1.87 f
  U1681/B (NAND2HD2X)                                     0.00       1.87 f
  U1681/Z (NAND2HD2X)                                     0.06       1.93 r
  n2314 (net)                                   1         0.00       1.93 r
  U1701/B (NOR2HD3X)                                      0.00       1.93 r
  U1701/Z (NOR2HD3X)                                      0.04       1.96 f
  n1810 (net)                                   1         0.00       1.96 f
  U1700/B (NAND2HD3X)                                     0.00       1.96 f
  U1700/Z (NAND2HD3X)                                     0.07       2.03 r
  n2446 (net)                                   3         0.00       2.03 r
  u_pipeline_control/redirect_valid_BAR (pipeline_control_0)
                                                          0.00       2.03 r
  u_pipeline_control/redirect_valid_BAR (net)             0.00       2.03 r
  u_pipeline_control/U5/B (NAND2HD3X)                     0.00       2.03 r
  u_pipeline_control/U5/Z (NAND2HD3X)                     0.06       2.09 f
  u_pipeline_control/pc_en_BAR (net)            2         0.00       2.09 f
  u_pipeline_control/pc_en_BAR (pipeline_control_0)       0.00       2.09 f
  pc_en (net)                                             0.00       2.09 f
  u_if_stage/pc_en_BAR (if_stage_00000000)                0.00       2.09 f
  u_if_stage/pc_en (net)                                  0.00       2.09 f
  u_if_stage/imem_en_BAR (if_stage_00000000)              0.00       2.09 f
  n5013 (net)                                             0.00       2.09 f
  U1614/A (INVHD2X)                                       0.00       2.09 f
  U1614/Z (INVHD2X)                                       0.03       2.13 r
  imem_en (net)                                 1         0.00       2.13 r
  imem_en (out)                                           0.00       2.13 r
  data arrival time                                                  2.13

  clock clk (rise edge)                                   4.00       4.00
  clock network delay (ideal)                             0.00       4.00
  clock uncertainty                                      -1.00       3.00
  output external delay                                  -1.00       2.00
  data required time                                                 2.00
  --------------------------------------------------------------------------
  data required time                                                 2.00
  data arrival time                                                 -2.13
  --------------------------------------------------------------------------
  slack (VIOLATED)                                                  -0.13


  Startpoint: u_ex_stage/ex_mem_rd_reg[1]
              (rising edge-triggered flip-flop clocked by clk)
  Endpoint: imem_en (output port clocked by clk)
  Path Group: clk
  Path Type: max

  Des/Clust/Port     Wire Load Model       Library
  ------------------------------------------------
  regfile            reference_area_100000 smic13_tt
  pipeline_control_0 reference_area_20000  smic13_tt
  mem_stage          reference_area_20000  smic13_tt
  id_stage           reference_area_100000 smic13_tt
  cpu_core           reference_area_1000000
                                           smic13_tt
  if_stage_00000000  reference_area_20000  smic13_tt
  forwarding_unit    reference_area_20000  smic13_tt

  Point                                       Fanout      Incr       Path
  --------------------------------------------------------------------------
  clock clk (rise edge)                                   0.00       0.00
  clock network delay (ideal)                             0.00       0.00
  u_ex_stage/ex_mem_rd_reg[1]/CK (FFDRHQHD3X)             0.00 #     0.00 r
  u_ex_stage/ex_mem_rd_reg[1]/Q (FFDRHQHD3X)              0.13       0.13 f
  ex_mem_rd[1] (net)                            4         0.00       0.13 f
  u_ex_stage/u_forwarding_unit/mem_rd[1] (forwarding_unit)
                                                          0.00       0.13 f
  u_ex_stage/u_forwarding_unit/mem_rd[1] (net)            0.00       0.13 f
  u_ex_stage/u_forwarding_unit/U34/A (NOR2HD2X)           0.00       0.13 f
  u_ex_stage/u_forwarding_unit/U34/Z (NOR2HD2X)           0.07       0.20 r
  u_ex_stage/u_forwarding_unit/n22 (net)        1         0.00       0.20 r
  u_ex_stage/u_forwarding_unit/U42/B (NAND3B1HD1X)        0.00       0.20 r
  u_ex_stage/u_forwarding_unit/U42/Z (NAND3B1HD1X)        0.07       0.27 f
  u_ex_stage/u_forwarding_unit/n27 (net)        1         0.00       0.27 f
  u_ex_stage/u_forwarding_unit/U44/A (AND2CLKHD3X)        0.00       0.27 f
  u_ex_stage/u_forwarding_unit/U44/Z (AND2CLKHD3X)        0.12       0.39 f
  u_ex_stage/u_forwarding_unit/n38 (net)        2         0.00       0.39 f
  u_ex_stage/u_forwarding_unit/U51/D (AND4HD2X)           0.00       0.39 f
  u_ex_stage/u_forwarding_unit/U51/Z (AND4HD2X)           0.13       0.51 f
  u_ex_stage/u_forwarding_unit/n58 (net)        2         0.00       0.51 f
  u_ex_stage/u_forwarding_unit/U63/B (NOR2HD1X)           0.00       0.51 f
  u_ex_stage/u_forwarding_unit/U63/Z (NOR2HD1X)           0.10       0.61 r
  u_ex_stage/u_forwarding_unit/n60 (net)        1         0.00       0.61 r
  u_ex_stage/u_forwarding_unit/U41/A (BUFHD6X)            0.00       0.61 r
  u_ex_stage/u_forwarding_unit/U41/Z (BUFHD6X)            0.11       0.73 r
  u_ex_stage/u_forwarding_unit/forward_a[0] (net)
                                                4         0.00       0.73 r
  u_ex_stage/u_forwarding_unit/forward_a[0] (forwarding_unit)
                                                          0.00       0.73 r
  u_ex_stage/forward_a[0] (net)                           0.00       0.73 r
  U1595/A (XNOR2HD2X)                                     0.00       0.73 r
  U1595/Z (XNOR2HD2X)                                     0.18       0.90 f
  n2922 (net)                                   1         0.00       0.90 f
  U2516/A (INVHD4X)                                       0.00       0.90 f
  U2516/Z (INVHD4X)                                       0.06       0.96 r
  n2176 (net)                                   1         0.00       0.96 r
  U2517/A (INVHD8X)                                       0.00       0.96 r
  U2517/Z (INVHD8X)                                       0.05       1.02 f
  n2177 (net)                                   5         0.00       1.02 f
  U2826/A (INVCLKHD14X)                                   0.00       1.02 f
  U2826/Z (INVCLKHD14X)                                   0.05       1.07 r
  n3031 (net)                                   4         0.00       1.07 r
  U1671/A (INVHD7X)                                       0.00       1.07 r
  U1671/Z (INVHD7X)                                       0.05       1.11 f
  n2128 (net)                                   6         0.00       1.11 f
  U1740/B (NAND2HD3X)                                     0.00       1.11 f
  U1740/Z (NAND2HD3X)                                     0.05       1.16 r
  n1858 (net)                                   1         0.00       1.16 r
  U1739/A (NAND2HD3X)                                     0.00       1.16 r
  U1739/Z (NAND2HD3X)                                     0.09       1.25 f
  n3159 (net)                                   4         0.00       1.25 f
  U1479/A (INVHD3X)                                       0.00       1.25 f
  U1479/Z (INVHD3X)                                       0.05       1.29 r
  n2765 (net)                                   1         0.00       1.29 r
  U2442/B (NAND2HD3X)                                     0.00       1.29 r
  U2442/Z (NAND2HD3X)                                     0.09       1.38 f
  n3134 (net)                                   4         0.00       1.38 f
  U1640/A (NAND2HD2X)                                     0.00       1.38 f
  U1640/Z (NAND2HD2X)                                     0.10       1.48 r
  n2030 (net)                                   2         0.00       1.48 r
  U1723/AN (NAND2B1HD1X)                                  0.00       1.48 r
  U1723/Z (NAND2B1HD1X)                                   0.10       1.58 r
  n2028 (net)                                   1         0.00       1.58 r
  U2237/B (NAND3HD1X)                                     0.00       1.58 r
  U2237/Z (NAND3HD1X)                                     0.08       1.66 f
  n2511 (net)                                   1         0.00       1.66 f
  U2980/C (AOI21HD1X)                                     0.00       1.66 f
  U2980/Z (AOI21HD1X)                                     0.15       1.81 r
  n2397 (net)                                   1         0.00       1.81 r
  U2973/A (NAND2HD2X)                                     0.00       1.81 r
  U2973/Z (NAND2HD2X)                                     0.05       1.85 f
  n3066 (net)                                   1         0.00       1.85 f
  U3063/B (AND2CLKHD3X)                                   0.00       1.85 f
  U3063/Z (AND2CLKHD3X)                                   0.10       1.95 f
  n2457 (net)                                   1         0.00       1.95 f
  U1700/A (NAND2HD3X)                                     0.00       1.95 f
  U1700/Z (NAND2HD3X)                                     0.08       2.03 r
  n2446 (net)                                   3         0.00       2.03 r
  u_pipeline_control/redirect_valid_BAR (pipeline_control_0)
                                                          0.00       2.03 r
  u_pipeline_control/redirect_valid_BAR (net)             0.00       2.03 r
  u_pipeline_control/U5/B (NAND2HD3X)                     0.00       2.03 r
  u_pipeline_control/U5/Z (NAND2HD3X)                     0.06       2.09 f
  u_pipeline_control/pc_en_BAR (net)            2         0.00       2.09 f
  u_pipeline_control/pc_en_BAR (pipeline_control_0)       0.00       2.09 f
  pc_en (net)                                             0.00       2.09 f
  u_if_stage/pc_en_BAR (if_stage_00000000)                0.00       2.09 f
  u_if_stage/pc_en (net)                                  0.00       2.09 f
  u_if_stage/imem_en_BAR (if_stage_00000000)              0.00       2.09 f
  n5013 (net)                                             0.00       2.09 f
  U1614/A (INVHD2X)                                       0.00       2.09 f
  U1614/Z (INVHD2X)                                       0.03       2.13 r
  imem_en (net)                                 1         0.00       2.13 r
  imem_en (out)                                           0.00       2.13 r
  data arrival time                                                  2.13

  clock clk (rise edge)                                   4.00       4.00
  clock network delay (ideal)                             0.00       4.00
  clock uncertainty                                      -1.00       3.00
  output external delay                                  -1.00       2.00
  data required time                                                 2.00
  --------------------------------------------------------------------------
  data required time                                                 2.00
  data arrival time                                                 -2.13
  --------------------------------------------------------------------------
  slack (VIOLATED)                                                  -0.13


  Startpoint: u_id_stage/id_ex_rs2_reg[0]
              (rising edge-triggered flip-flop clocked by clk)
  Endpoint: u_if_stage/pc_reg[16]
            (rising edge-triggered flip-flop clocked by clk)
  Path Group: clk
  Path Type: max

  Des/Clust/Port     Wire Load Model       Library
  ------------------------------------------------
  regfile            reference_area_100000 smic13_tt
  pipeline_control_0 reference_area_20000  smic13_tt
  mem_stage          reference_area_20000  smic13_tt
  id_stage           reference_area_100000 smic13_tt
  cpu_core           reference_area_1000000
                                           smic13_tt
  if_stage_00000000  reference_area_20000  smic13_tt
  forwarding_unit    reference_area_20000  smic13_tt

  Point                                       Fanout      Incr       Path
  --------------------------------------------------------------------------
  clock clk (rise edge)                                   0.00       0.00
  clock network delay (ideal)                             0.00       0.00
  u_id_stage/id_ex_rs2_reg[0]/CK (FFDRHQHD3X)             0.00 #     0.00 r
  u_id_stage/id_ex_rs2_reg[0]/Q (FFDRHQHD3X)              0.14       0.14 r
  u_id_stage/id_ex_rs2[0] (net)                 3         0.00       0.14 r
  u_id_stage/id_ex_rs2[0] (id_stage)                      0.00       0.14 r
  id_ex_rs2[0] (net)                                      0.00       0.14 r
  u_ex_stage/u_forwarding_unit/ex_rs2[0] (forwarding_unit)
                                                          0.00       0.14 r
  u_ex_stage/u_forwarding_unit/ex_rs2[0] (net)            0.00       0.14 r
  u_ex_stage/u_forwarding_unit/U45/B (XNOR2HD2X)          0.00       0.14 r
  u_ex_stage/u_forwarding_unit/U45/Z (XNOR2HD2X)          0.17       0.31 f
  u_ex_stage/u_forwarding_unit/n29 (net)        1         0.00       0.31 f
  u_ex_stage/u_forwarding_unit/U47/A (AND2CLKHD3X)        0.00       0.31 f
  u_ex_stage/u_forwarding_unit/U47/Z (AND2CLKHD3X)        0.10       0.42 f
  u_ex_stage/u_forwarding_unit/n30 (net)        1         0.00       0.42 f
  u_ex_stage/u_forwarding_unit/U15/B (NAND2HD3X)          0.00       0.42 f
  u_ex_stage/u_forwarding_unit/U15/Z (NAND2HD3X)          0.04       0.46 r
  u_ex_stage/u_forwarding_unit/n31 (net)        1         0.00       0.46 r
  u_ex_stage/u_forwarding_unit/U39/B (NOR2HD3X)           0.00       0.46 r
  u_ex_stage/u_forwarding_unit/U39/Z (NOR2HD3X)           0.04       0.50 f
  u_ex_stage/u_forwarding_unit/n52 (net)        2         0.00       0.50 f
  u_ex_stage/u_forwarding_unit/U60/B (NOR2HD2X)           0.00       0.50 f
  u_ex_stage/u_forwarding_unit/U60/Z (NOR2HD2X)           0.06       0.56 r
  u_ex_stage/u_forwarding_unit/n53 (net)        1         0.00       0.56 r
  u_ex_stage/u_forwarding_unit/U40/B (AND2CLKHD4X)        0.00       0.56 r
  u_ex_stage/u_forwarding_unit/U40/Z (AND2CLKHD4X)        0.14       0.70 r
  u_ex_stage/u_forwarding_unit/forward_b[0] (net)
                                                3         0.00       0.70 r
  u_ex_stage/u_forwarding_unit/forward_b[0] (forwarding_unit)
                                                          0.00       0.70 r
  u_ex_stage/forward_b[0] (net)                           0.00       0.70 r
  U1591/A (XNOR2HD3X)                                     0.00       0.70 r
  U1591/Z (XNOR2HD3X)                                     0.15       0.84 r
  n2931 (net)                                   1         0.00       0.84 r
  U1724/A (INVHD4X)                                       0.00       0.84 r
  U1724/Z (INVHD4X)                                       0.03       0.88 f
  n2187 (net)                                   1         0.00       0.88 f
  U2567/A (INVHD8X)                                       0.00       0.88 f
  U2567/Z (INVHD8X)                                       0.08       0.96 r
  n2188 (net)                                  10         0.00       0.96 r
  U2823/A (INVCLKHD14X)                                   0.00       0.96 r
  U2823/Z (INVCLKHD14X)                                   0.06       1.02 f
  n3012 (net)                                   8         0.00       1.02 f
  U2143/A (INVHD2X)                                       0.00       1.02 f
  U2143/Z (INVHD2X)                                       0.05       1.07 r
  n2155 (net)                                   1         0.00       1.07 r
  U2207/B (NAND2HD3X)                                     0.00       1.07 r
  U2207/Z (NAND2HD3X)                                     0.04       1.12 f
  n2007 (net)                                   1         0.00       1.12 f
  U2189/A (NAND2HD3X)                                     0.00       1.12 f
  U2189/Z (NAND2HD3X)                                     0.11       1.23 r
  n4942 (net)                                   4         0.00       1.23 r
  U2188/A (INVHD4X)                                       0.00       1.23 r
  U2188/Z (INVHD4X)                                       0.03       1.26 f
  n2139 (net)                                   2         0.00       1.26 f
  U2153/A (BUFHD2X)                                       0.00       1.26 f
  U2153/Z (BUFHD2X)                                       0.09       1.35 f
  n1988 (net)                                   1         0.00       1.35 f
  U2454/B (NAND2HD2X)                                     0.00       1.35 f
  U2454/Z (NAND2HD2X)                                     0.04       1.39 r
  n3206 (net)                                   1         0.00       1.39 r
  U3388/B (AND2CLKHD4X)                                   0.00       1.39 r
  U3388/Z (AND2CLKHD4X)                                   0.14       1.53 r
  n4240 (net)                                   5         0.00       1.53 r
  U2066/A (XOR2CLKHD3X)                                   0.00       1.53 r
  U2066/Z (XOR2CLKHD3X)                                   0.20       1.73 f
  n3271 (net)                                   2         0.00       1.73 f
  U2180/B (NOR2HD3X)                                      0.00       1.73 f
  U2180/Z (NOR2HD3X)                                      0.14       1.87 r
  n4285 (net)                                   4         0.00       1.87 r
  U2179/B (NOR2HD3X)                                      0.00       1.87 r
  U2179/Z (NOR2HD3X)                                      0.05       1.92 f
  n3274 (net)                                   2         0.00       1.92 f
  U3427/A (AOI21HD1X)                                     0.00       1.92 f
  U3427/Z (AOI21HD1X)                                     0.13       2.06 r
  n3275 (net)                                   1         0.00       2.06 r
  U3428/C (OAI21HD1X)                                     0.00       2.06 r
  U3428/Z (OAI21HD1X)                                     0.07       2.13 f
  n3277 (net)                                   1         0.00       2.13 f
  U3429/C (AOI21HD1X)                                     0.00       2.13 f
  U3429/Z (AOI21HD1X)                                     0.13       2.26 r
  n3279 (net)                                   1         0.00       2.26 r
  U2539/A (BUFHD4X)                                       0.00       2.26 r
  U2539/Z (BUFHD4X)                                       0.10       2.35 r
  n4896 (net)                                   3         0.00       2.35 r
  U2416/A (BUFHD6X)                                       0.00       2.36 r
  U2416/Z (BUFHD6X)                                       0.11       2.46 r
  n2183 (net)                                   7         0.00       2.46 r
  U2452/B (OAI21HD1X)                                     0.00       2.46 r
  U2452/Z (OAI21HD1X)                                     0.06       2.53 f
  n4821 (net)                                   1         0.00       2.53 f
  U4361/A (XNOR2HD2X)                                     0.00       2.53 f
  U4361/Z (XNOR2HD2X)                                     0.16       2.68 f
  n4822 (net)                                   1         0.00       2.68 f
  U2538/B (NAND2HD3X)                                     0.00       2.68 f
  U2538/Z (NAND2HD3X)                                     0.06       2.74 r
  n4823 (net)                                   1         0.00       2.74 r
  U2537/B (NAND2HD3X)                                     0.00       2.74 r
  U2537/Z (NAND2HD3X)                                     0.05       2.79 f
  n4955 (net)                                   2         0.00       2.79 f
  U4434/B (NAND2HD2X)                                     0.00       2.80 f
  U4434/Z (NAND2HD2X)                                     0.06       2.86 r
  n4956 (net)                                   1         0.00       2.86 r
  U1236/B (NAND2HD2X)                                     0.00       2.86 r
  U1236/Z (NAND2HD2X)                                     0.05       2.91 f
  redirect_pc[16] (net)                         1         0.00       2.91 f
  u_if_stage/redirect_pc[16] (if_stage_00000000)          0.00       2.91 f
  u_if_stage/redirect_pc[16] (net)                        0.00       2.91 f
  u_if_stage/U117/B (NAND2HD2X)                           0.00       2.91 f
  u_if_stage/U117/Z (NAND2HD2X)                           0.04       2.95 r
  u_if_stage/n294 (net)                         1         0.00       2.95 r
  u_if_stage/U298/A (NAND2HD1X)                           0.00       2.95 r
  u_if_stage/U298/Z (NAND2HD1X)                           0.05       3.00 f
  u_if_stage/n182 (net)                         1         0.00       3.00 f
  u_if_stage/pc_reg[16]/D (FFDQRHDMX)                     0.00       3.00 f
  data arrival time                                                  3.00

  clock clk (rise edge)                                   4.00       4.00
  clock network delay (ideal)                             0.00       4.00
  clock uncertainty                                      -1.00       3.00
  u_if_stage/pc_reg[16]/CK (FFDQRHDMX)                    0.00       3.00 r
  library setup time                                     -0.13       2.87
  data required time                                                 2.87
  --------------------------------------------------------------------------
  data required time                                                 2.87
  data arrival time                                                 -3.00
  --------------------------------------------------------------------------
  slack (VIOLATED)                                                  -0.13


  Startpoint: u_id_stage/id_ex_rs2_reg[0]
              (rising edge-triggered flip-flop clocked by clk)
  Endpoint: u_if_stage/pc_reg[16]
            (rising edge-triggered flip-flop clocked by clk)
  Path Group: clk
  Path Type: max

  Des/Clust/Port     Wire Load Model       Library
  ------------------------------------------------
  regfile            reference_area_100000 smic13_tt
  pipeline_control_0 reference_area_20000  smic13_tt
  mem_stage          reference_area_20000  smic13_tt
  id_stage           reference_area_100000 smic13_tt
  cpu_core           reference_area_1000000
                                           smic13_tt
  if_stage_00000000  reference_area_20000  smic13_tt
  forwarding_unit    reference_area_20000  smic13_tt

  Point                                       Fanout      Incr       Path
  --------------------------------------------------------------------------
  clock clk (rise edge)                                   0.00       0.00
  clock network delay (ideal)                             0.00       0.00
  u_id_stage/id_ex_rs2_reg[0]/CK (FFDRHQHD3X)             0.00 #     0.00 r
  u_id_stage/id_ex_rs2_reg[0]/Q (FFDRHQHD3X)              0.14       0.14 r
  u_id_stage/id_ex_rs2[0] (net)                 3         0.00       0.14 r
  u_id_stage/id_ex_rs2[0] (id_stage)                      0.00       0.14 r
  id_ex_rs2[0] (net)                                      0.00       0.14 r
  u_ex_stage/u_forwarding_unit/ex_rs2[0] (forwarding_unit)
                                                          0.00       0.14 r
  u_ex_stage/u_forwarding_unit/ex_rs2[0] (net)            0.00       0.14 r
  u_ex_stage/u_forwarding_unit/U45/B (XNOR2HD2X)          0.00       0.14 r
  u_ex_stage/u_forwarding_unit/U45/Z (XNOR2HD2X)          0.17       0.31 f
  u_ex_stage/u_forwarding_unit/n29 (net)        1         0.00       0.31 f
  u_ex_stage/u_forwarding_unit/U47/A (AND2CLKHD3X)        0.00       0.31 f
  u_ex_stage/u_forwarding_unit/U47/Z (AND2CLKHD3X)        0.10       0.42 f
  u_ex_stage/u_forwarding_unit/n30 (net)        1         0.00       0.42 f
  u_ex_stage/u_forwarding_unit/U15/B (NAND2HD3X)          0.00       0.42 f
  u_ex_stage/u_forwarding_unit/U15/Z (NAND2HD3X)          0.04       0.46 r
  u_ex_stage/u_forwarding_unit/n31 (net)        1         0.00       0.46 r
  u_ex_stage/u_forwarding_unit/U39/B (NOR2HD3X)           0.00       0.46 r
  u_ex_stage/u_forwarding_unit/U39/Z (NOR2HD3X)           0.04       0.50 f
  u_ex_stage/u_forwarding_unit/n52 (net)        2         0.00       0.50 f
  u_ex_stage/u_forwarding_unit/U60/B (NOR2HD2X)           0.00       0.50 f
  u_ex_stage/u_forwarding_unit/U60/Z (NOR2HD2X)           0.06       0.56 r
  u_ex_stage/u_forwarding_unit/n53 (net)        1         0.00       0.56 r
  u_ex_stage/u_forwarding_unit/U40/B (AND2CLKHD4X)        0.00       0.56 r
  u_ex_stage/u_forwarding_unit/U40/Z (AND2CLKHD4X)        0.14       0.70 r
  u_ex_stage/u_forwarding_unit/forward_b[0] (net)
                                                3         0.00       0.70 r
  u_ex_stage/u_forwarding_unit/forward_b[0] (forwarding_unit)
                                                          0.00       0.70 r
  u_ex_stage/forward_b[0] (net)                           0.00       0.70 r
  U1649/A (INVHD4X)                                       0.00       0.70 r
  U1649/Z (INVHD4X)                                       0.03       0.73 f
  n2130 (net)                                   2         0.00       0.73 f
  U2293/A (NAND2HD3X)                                     0.00       0.73 f
  U2293/Z (NAND2HD3X)                                     0.11       0.85 r
  n2858 (net)                                   2         0.00       0.85 r
  U1624/A (INVHD8X)                                       0.00       0.85 r
  U1624/Z (INVHD8X)                                       0.08       0.93 f
  n2277 (net)                                  15         0.00       0.93 f
  U1505/B (NAND2HD2X)                                     0.00       0.93 f
  U1505/Z (NAND2HD2X)                                     0.06       0.99 r
  n2970 (net)                                   1         0.00       0.99 r
  U2212/B (NAND2HD2X)                                     0.00       0.99 r
  U2212/Z (NAND2HD2X)                                     0.04       1.03 f
  n2008 (net)                                   1         0.00       1.03 f
  U2211/A (INVCLKHD2X)                                    0.00       1.03 f
  U2211/Z (INVCLKHD2X)                                    0.03       1.06 r
  n2790 (net)                                   1         0.00       1.06 r
  U2149/C (AND3HD2X)                                      0.00       1.06 r
  U2149/Z (AND3HD2X)                                      0.18       1.24 r
  n3188 (net)                                   4         0.00       1.24 r
  U1425/A (BUFHD3X)                                       0.00       1.24 r
  U1425/Z (BUFHD3X)                                       0.09       1.34 r
  n1791 (net)                                   2         0.00       1.34 r
  U3371/B (NAND2HD2X)                                     0.00       1.34 r
  U3371/Z (NAND2HD2X)                                     0.05       1.39 f
  n3189 (net)                                   1         0.00       1.39 f
  U1662/B (NAND2HD3X)                                     0.00       1.39 f
  U1662/Z (NAND2HD3X)                                     0.06       1.45 r
  n2415 (net)                                   2         0.00       1.45 r
  U3010/A (XNOR2HD2X)                                     0.00       1.45 r
  U3010/Z (XNOR2HD2X)                                     0.19       1.64 f
  n3267 (net)                                   2         0.00       1.64 f
  U3373/B (NOR2HD2X)                                      0.00       1.64 f
  U3373/Z (NOR2HD2X)                                      0.15       1.79 r
  n4330 (net)                                   3         0.00       1.79 r
  U1659/A (NOR2HD3X)                                      0.00       1.79 r
  U1659/Z (NOR2HD3X)                                      0.06       1.86 f
  n3268 (net)                                   2         0.00       1.86 f
  U2691/A (AOI21HD1X)                                     0.00       1.86 f
  U2691/Z (AOI21HD1X)                                     0.20       2.05 r
  n4220 (net)                                   2         0.00       2.05 r
  U3428/B (OAI21HD1X)                                     0.00       2.05 r
  U3428/Z (OAI21HD1X)                                     0.08       2.13 f
  n3277 (net)                                   1         0.00       2.13 f
  U3429/C (AOI21HD1X)                                     0.00       2.13 f
  U3429/Z (AOI21HD1X)                                     0.13       2.26 r
  n3279 (net)                                   1         0.00       2.26 r
  U2539/A (BUFHD4X)                                       0.00       2.26 r
  U2539/Z (BUFHD4X)                                       0.10       2.35 r
  n4896 (net)                                   3         0.00       2.35 r
  U2416/A (BUFHD6X)                                       0.00       2.35 r
  U2416/Z (BUFHD6X)                                       0.11       2.46 r
  n2183 (net)                                   7         0.00       2.46 r
  U2452/B (OAI21HD1X)                                     0.00       2.46 r
  U2452/Z (OAI21HD1X)                                     0.06       2.52 f
  n4821 (net)                                   1         0.00       2.52 f
  U4361/A (XNOR2HD2X)                                     0.00       2.52 f
  U4361/Z (XNOR2HD2X)                                     0.16       2.68 f
  n4822 (net)                                   1         0.00       2.68 f
  U2538/B (NAND2HD3X)                                     0.00       2.68 f
  U2538/Z (NAND2HD3X)                                     0.06       2.74 r
  n4823 (net)                                   1         0.00       2.74 r
  U2537/B (NAND2HD3X)                                     0.00       2.74 r
  U2537/Z (NAND2HD3X)                                     0.05       2.79 f
  n4955 (net)                                   2         0.00       2.79 f
  U4434/B (NAND2HD2X)                                     0.00       2.79 f
  U4434/Z (NAND2HD2X)                                     0.06       2.85 r
  n4956 (net)                                   1         0.00       2.85 r
  U1236/B (NAND2HD2X)                                     0.00       2.85 r
  U1236/Z (NAND2HD2X)                                     0.05       2.90 f
  redirect_pc[16] (net)                         1         0.00       2.90 f
  u_if_stage/redirect_pc[16] (if_stage_00000000)          0.00       2.90 f
  u_if_stage/redirect_pc[16] (net)                        0.00       2.90 f
  u_if_stage/U117/B (NAND2HD2X)                           0.00       2.90 f
  u_if_stage/U117/Z (NAND2HD2X)                           0.04       2.95 r
  u_if_stage/n294 (net)                         1         0.00       2.95 r
  u_if_stage/U298/A (NAND2HD1X)                           0.00       2.95 r
  u_if_stage/U298/Z (NAND2HD1X)                           0.05       3.00 f
  u_if_stage/n182 (net)                         1         0.00       3.00 f
  u_if_stage/pc_reg[16]/D (FFDQRHDMX)                     0.00       3.00 f
  data arrival time                                                  3.00

  clock clk (rise edge)                                   4.00       4.00
  clock network delay (ideal)                             0.00       4.00
  clock uncertainty                                      -1.00       3.00
  u_if_stage/pc_reg[16]/CK (FFDQRHDMX)                    0.00       3.00 r
  library setup time                                     -0.13       2.87
  data required time                                                 2.87
  --------------------------------------------------------------------------
  data required time                                                 2.87
  data arrival time                                                 -3.00
  --------------------------------------------------------------------------
  slack (VIOLATED)                                                  -0.13


  Startpoint: u_id_stage/id_ex_rs2_reg[0]
              (rising edge-triggered flip-flop clocked by clk)
  Endpoint: u_if_stage/pc_reg[29]
            (rising edge-triggered flip-flop clocked by clk)
  Path Group: clk
  Path Type: max

  Des/Clust/Port     Wire Load Model       Library
  ------------------------------------------------
  regfile            reference_area_100000 smic13_tt
  pipeline_control_0 reference_area_20000  smic13_tt
  mem_stage          reference_area_20000  smic13_tt
  id_stage           reference_area_100000 smic13_tt
  cpu_core           reference_area_1000000
                                           smic13_tt
  if_stage_00000000  reference_area_20000  smic13_tt
  forwarding_unit    reference_area_20000  smic13_tt

  Point                                       Fanout      Incr       Path
  --------------------------------------------------------------------------
  clock clk (rise edge)                                   0.00       0.00
  clock network delay (ideal)                             0.00       0.00
  u_id_stage/id_ex_rs2_reg[0]/CK (FFDRHQHD3X)             0.00 #     0.00 r
  u_id_stage/id_ex_rs2_reg[0]/Q (FFDRHQHD3X)              0.14       0.14 r
  u_id_stage/id_ex_rs2[0] (net)                 3         0.00       0.14 r
  u_id_stage/id_ex_rs2[0] (id_stage)                      0.00       0.14 r
  id_ex_rs2[0] (net)                                      0.00       0.14 r
  u_ex_stage/u_forwarding_unit/ex_rs2[0] (forwarding_unit)
                                                          0.00       0.14 r
  u_ex_stage/u_forwarding_unit/ex_rs2[0] (net)            0.00       0.14 r
  u_ex_stage/u_forwarding_unit/U45/B (XNOR2HD2X)          0.00       0.14 r
  u_ex_stage/u_forwarding_unit/U45/Z (XNOR2HD2X)          0.17       0.31 f
  u_ex_stage/u_forwarding_unit/n29 (net)        1         0.00       0.31 f
  u_ex_stage/u_forwarding_unit/U47/A (AND2CLKHD3X)        0.00       0.31 f
  u_ex_stage/u_forwarding_unit/U47/Z (AND2CLKHD3X)        0.10       0.42 f
  u_ex_stage/u_forwarding_unit/n30 (net)        1         0.00       0.42 f
  u_ex_stage/u_forwarding_unit/U15/B (NAND2HD3X)          0.00       0.42 f
  u_ex_stage/u_forwarding_unit/U15/Z (NAND2HD3X)          0.04       0.46 r
  u_ex_stage/u_forwarding_unit/n31 (net)        1         0.00       0.46 r
  u_ex_stage/u_forwarding_unit/U39/B (NOR2HD3X)           0.00       0.46 r
  u_ex_stage/u_forwarding_unit/U39/Z (NOR2HD3X)           0.04       0.50 f
  u_ex_stage/u_forwarding_unit/n52 (net)        2         0.00       0.50 f
  u_ex_stage/u_forwarding_unit/U60/B (NOR2HD2X)           0.00       0.50 f
  u_ex_stage/u_forwarding_unit/U60/Z (NOR2HD2X)           0.06       0.56 r
  u_ex_stage/u_forwarding_unit/n53 (net)        1         0.00       0.56 r
  u_ex_stage/u_forwarding_unit/U40/B (AND2CLKHD4X)        0.00       0.56 r
  u_ex_stage/u_forwarding_unit/U40/Z (AND2CLKHD4X)        0.14       0.70 r
  u_ex_stage/u_forwarding_unit/forward_b[0] (net)
                                                3         0.00       0.70 r
  u_ex_stage/u_forwarding_unit/forward_b[0] (forwarding_unit)
                                                          0.00       0.70 r
  u_ex_stage/forward_b[0] (net)                           0.00       0.70 r
  U1649/A (INVHD4X)                                       0.00       0.70 r
  U1649/Z (INVHD4X)                                       0.03       0.73 f
  n2130 (net)                                   2         0.00       0.73 f
  U1648/A (NAND2HD3X)                                     0.00       0.73 f
  U1648/Z (NAND2HD3X)                                     0.06       0.79 r
  n2832 (net)                                   1         0.00       0.79 r
  U1689/A (INVHD4X)                                       0.00       0.79 r
  U1689/Z (INVHD4X)                                       0.04       0.83 f
  n2185 (net)                                   1         0.00       0.83 f
  U2565/A (INVHD8X)                                       0.00       0.83 f
  U2565/Z (INVHD8X)                                       0.06       0.89 r
  n2186 (net)                                   5         0.00       0.89 r
  U2307/B (NOR2B1HD2X)                                    0.00       0.89 r
  U2307/Z (NOR2B1HD2X)                                    0.03       0.92 f
  n2072 (net)                                   1         0.00       0.92 f
  U2100/A (INVHDPX)                                       0.00       0.92 f
  U2100/Z (INVHDPX)                                       0.06       0.99 r
  n2973 (net)                                   1         0.00       0.99 r
  U3296/B (AND3HD2X)                                      0.00       0.99 r
  U3296/Z (AND3HD2X)                                      0.13       1.12 r
  n2976 (net)                                   1         0.00       1.12 r
  U2183/A (NAND2HD3X)                                     0.00       1.12 r
  U2183/Z (NAND2HD3X)                                     0.05       1.17 f
  n2170 (net)                                   1         0.00       1.17 f
  U1488/A (INVHD4X)                                       0.00       1.17 f
  U1488/Z (INVHD4X)                                       0.07       1.24 r
  n2400 (net)                                   4         0.00       1.24 r
  U1456/B (OR2HDMX)                                       0.00       1.24 r
  U1456/Z (OR2HDMX)                                       0.16       1.39 r
  n2458 (net)                                   1         0.00       1.39 r
  U2575/B (NAND2HD3X)                                     0.00       1.39 r
  U2575/Z (NAND2HD3X)                                     0.09       1.48 f
  n4385 (net)                                   5         0.00       1.48 f
  U2837/A (XNOR2HD2X)                                     0.00       1.48 f
  U2837/Z (XNOR2HD2X)                                     0.19       1.67 r
  n3312 (net)                                   2         0.00       1.67 r
  U3451/B (NOR2HD2X)                                      0.00       1.67 r
  U3451/Z (NOR2HD2X)                                      0.07       1.74 f
  n4817 (net)                                   3         0.00       1.74 f
  U3452/A (NOR2HD2X)                                      0.00       1.74 f
  U3452/Z (NOR2HD2X)                                      0.14       1.88 r
  n4893 (net)                                   3         0.00       1.88 r
  U3453/B (NAND2HD1X)                                     0.00       1.88 r
  U3453/Z (NAND2HD1X)                                     0.14       2.02 f
  n4850 (net)                                   3         0.00       2.02 f
  U3454/B (NOR2HD2X)                                      0.00       2.02 f
  U3454/Z (NOR2HD2X)                                      0.09       2.11 r
  n3310 (net)                                   1         0.00       2.11 r
  U2855/A (BUFHD4X)                                       0.00       2.11 r
  U2855/Z (BUFHD4X)                                       0.13       2.25 r
  n4610 (net)                                   9         0.00       2.25 r
  U4160/B (NAND2HDUX)                                     0.00       2.25 r
  U4160/Z (NAND2HDUX)                                     0.13       2.37 f
  n4452 (net)                                   1         0.00       2.37 f
  U3047/B (OAI21HD1X)                                     0.00       2.37 f
  U3047/Z (OAI21HD1X)                                     0.15       2.53 r
  n2616 (net)                                   1         0.00       2.53 r
  U3173/A (XNOR2HD2X)                                     0.00       2.53 r
  U3173/Z (XNOR2HD2X)                                     0.18       2.71 f
  n2615 (net)                                   1         0.00       2.71 f
  U3172/B (NAND2HD2X)                                     0.00       2.71 f
  U3172/Z (NAND2HD2X)                                     0.06       2.76 r
  n2614 (net)                                   1         0.00       2.76 r
  U3171/A (NAND2HD2X)                                     0.00       2.76 r
  U3171/Z (NAND2HD2X)                                     0.06       2.82 f
  n4632 (net)                                   2         0.00       2.82 f
  U4163/B (AND2CLKHD3X)                                   0.00       2.82 f
  U4163/Z (AND2CLKHD3X)                                   0.10       2.92 f
  n5008 (net)                                   1         0.00       2.92 f
  u_if_stage/redirect_pc[29] (if_stage_00000000)          0.00       2.92 f
  u_if_stage/redirect_pc[29] (net)                        0.00       2.92 f
  u_if_stage/U200/B (NAND2HD2X)                           0.00       2.92 f
  u_if_stage/U200/Z (NAND2HD2X)                           0.05       2.97 r
  u_if_stage/n37 (net)                          1         0.00       2.97 r
  u_if_stage/U199/B (NAND2HD2X)                           0.00       2.97 r
  u_if_stage/U199/Z (NAND2HD2X)                           0.03       3.00 f
  u_if_stage/n169 (net)                         1         0.00       3.00 f
  u_if_stage/pc_reg[29]/D (FFDQRHDMX)                     0.00       3.00 f
  data arrival time                                                  3.00

  clock clk (rise edge)                                   4.00       4.00
  clock network delay (ideal)                             0.00       4.00
  clock uncertainty                                      -1.00       3.00
  u_if_stage/pc_reg[29]/CK (FFDQRHDMX)                    0.00       3.00 r
  library setup time                                     -0.13       2.87
  data required time                                                 2.87
  --------------------------------------------------------------------------
  data required time                                                 2.87
  data arrival time                                                 -3.00
  --------------------------------------------------------------------------
  slack (VIOLATED)                                                  -0.13


  Startpoint: u_id_stage/id_ex_rs2_reg[0]
              (rising edge-triggered flip-flop clocked by clk)
  Endpoint: u_ex_stage/ex_mem_alu_result_reg[29]
            (rising edge-triggered flip-flop clocked by clk)
  Path Group: clk
  Path Type: max

  Des/Clust/Port     Wire Load Model       Library
  ------------------------------------------------
  regfile            reference_area_100000 smic13_tt
  pipeline_control_0 reference_area_20000  smic13_tt
  mem_stage          reference_area_20000  smic13_tt
  id_stage           reference_area_100000 smic13_tt
  cpu_core           reference_area_1000000
                                           smic13_tt
  if_stage_00000000  reference_area_20000  smic13_tt
  forwarding_unit    reference_area_20000  smic13_tt

  Point                                       Fanout      Incr       Path
  --------------------------------------------------------------------------
  clock clk (rise edge)                                   0.00       0.00
  clock network delay (ideal)                             0.00       0.00
  u_id_stage/id_ex_rs2_reg[0]/CK (FFDRHQHD3X)             0.00 #     0.00 r
  u_id_stage/id_ex_rs2_reg[0]/Q (FFDRHQHD3X)              0.14       0.14 r
  u_id_stage/id_ex_rs2[0] (net)                 3         0.00       0.14 r
  u_id_stage/id_ex_rs2[0] (id_stage)                      0.00       0.14 r
  id_ex_rs2[0] (net)                                      0.00       0.14 r
  u_ex_stage/u_forwarding_unit/ex_rs2[0] (forwarding_unit)
                                                          0.00       0.14 r
  u_ex_stage/u_forwarding_unit/ex_rs2[0] (net)            0.00       0.14 r
  u_ex_stage/u_forwarding_unit/U45/B (XNOR2HD2X)          0.00       0.14 r
  u_ex_stage/u_forwarding_unit/U45/Z (XNOR2HD2X)          0.17       0.31 f
  u_ex_stage/u_forwarding_unit/n29 (net)        1         0.00       0.31 f
  u_ex_stage/u_forwarding_unit/U47/A (AND2CLKHD3X)        0.00       0.31 f
  u_ex_stage/u_forwarding_unit/U47/Z (AND2CLKHD3X)        0.10       0.42 f
  u_ex_stage/u_forwarding_unit/n30 (net)        1         0.00       0.42 f
  u_ex_stage/u_forwarding_unit/U15/B (NAND2HD3X)          0.00       0.42 f
  u_ex_stage/u_forwarding_unit/U15/Z (NAND2HD3X)          0.04       0.46 r
  u_ex_stage/u_forwarding_unit/n31 (net)        1         0.00       0.46 r
  u_ex_stage/u_forwarding_unit/U39/B (NOR2HD3X)           0.00       0.46 r
  u_ex_stage/u_forwarding_unit/U39/Z (NOR2HD3X)           0.04       0.50 f
  u_ex_stage/u_forwarding_unit/n52 (net)        2         0.00       0.50 f
  u_ex_stage/u_forwarding_unit/U60/B (NOR2HD2X)           0.00       0.50 f
  u_ex_stage/u_forwarding_unit/U60/Z (NOR2HD2X)           0.06       0.56 r
  u_ex_stage/u_forwarding_unit/n53 (net)        1         0.00       0.56 r
  u_ex_stage/u_forwarding_unit/U40/B (AND2CLKHD4X)        0.00       0.56 r
  u_ex_stage/u_forwarding_unit/U40/Z (AND2CLKHD4X)        0.14       0.70 r
  u_ex_stage/u_forwarding_unit/forward_b[0] (net)
                                                3         0.00       0.70 r
  u_ex_stage/u_forwarding_unit/forward_b[0] (forwarding_unit)
                                                          0.00       0.70 r
  u_ex_stage/forward_b[0] (net)                           0.00       0.70 r
  U1649/A (INVHD4X)                                       0.00       0.70 r
  U1649/Z (INVHD4X)                                       0.03       0.73 f
  n2130 (net)                                   2         0.00       0.73 f
  U1648/A (NAND2HD3X)                                     0.00       0.73 f
  U1648/Z (NAND2HD3X)                                     0.06       0.79 r
  n2832 (net)                                   1         0.00       0.79 r
  U1689/A (INVHD4X)                                       0.00       0.79 r
  U1689/Z (INVHD4X)                                       0.04       0.83 f
  n2185 (net)                                   1         0.00       0.83 f
  U2565/A (INVHD8X)                                       0.00       0.83 f
  U2565/Z (INVHD8X)                                       0.06       0.89 r
  n2186 (net)                                   5         0.00       0.89 r
  U2307/B (NOR2B1HD2X)                                    0.00       0.89 r
  U2307/Z (NOR2B1HD2X)                                    0.03       0.92 f
  n2072 (net)                                   1         0.00       0.92 f
  U2100/A (INVHDPX)                                       0.00       0.92 f
  U2100/Z (INVHDPX)                                       0.06       0.99 r
  n2973 (net)                                   1         0.00       0.99 r
  U3296/B (AND3HD2X)                                      0.00       0.99 r
  U3296/Z (AND3HD2X)                                      0.13       1.12 r
  n2976 (net)                                   1         0.00       1.12 r
  U2183/A (NAND2HD3X)                                     0.00       1.12 r
  U2183/Z (NAND2HD3X)                                     0.05       1.17 f
  n2170 (net)                                   1         0.00       1.17 f
  U1488/A (INVHD4X)                                       0.00       1.17 f
  U1488/Z (INVHD4X)                                       0.07       1.24 r
  n2400 (net)                                   4         0.00       1.24 r
  U1456/B (OR2HDMX)                                       0.00       1.24 r
  U1456/Z (OR2HDMX)                                       0.16       1.39 r
  n2458 (net)                                   1         0.00       1.39 r
  U2575/B (NAND2HD3X)                                     0.00       1.39 r
  U2575/Z (NAND2HD3X)                                     0.09       1.48 f
  n4385 (net)                                   5         0.00       1.48 f
  U2837/A (XNOR2HD2X)                                     0.00       1.48 f
  U2837/Z (XNOR2HD2X)                                     0.19       1.67 r
  n3312 (net)                                   2         0.00       1.67 r
  U3451/B (NOR2HD2X)                                      0.00       1.67 r
  U3451/Z (NOR2HD2X)                                      0.07       1.74 f
  n4817 (net)                                   3         0.00       1.74 f
  U3452/A (NOR2HD2X)                                      0.00       1.74 f
  U3452/Z (NOR2HD2X)                                      0.14       1.88 r
  n4893 (net)                                   3         0.00       1.88 r
  U3453/B (NAND2HD1X)                                     0.00       1.88 r
  U3453/Z (NAND2HD1X)                                     0.14       2.02 f
  n4850 (net)                                   3         0.00       2.02 f
  U3454/B (NOR2HD2X)                                      0.00       2.02 f
  U3454/Z (NOR2HD2X)                                      0.09       2.11 r
  n3310 (net)                                   1         0.00       2.11 r
  U2855/A (BUFHD4X)                                       0.00       2.11 r
  U2855/Z (BUFHD4X)                                       0.13       2.25 r
  n4610 (net)                                   9         0.00       2.25 r
  U4160/B (NAND2HDUX)                                     0.00       2.25 r
  U4160/Z (NAND2HDUX)                                     0.13       2.37 f
  n4452 (net)                                   1         0.00       2.37 f
  U3047/B (OAI21HD1X)                                     0.00       2.37 f
  U3047/Z (OAI21HD1X)                                     0.15       2.53 r
  n2616 (net)                                   1         0.00       2.53 r
  U3173/A (XNOR2HD2X)                                     0.00       2.53 r
  U3173/Z (XNOR2HD2X)                                     0.18       2.71 f
  n2615 (net)                                   1         0.00       2.71 f
  U3172/B (NAND2HD2X)                                     0.00       2.71 f
  U3172/Z (NAND2HD2X)                                     0.06       2.76 r
  n2614 (net)                                   1         0.00       2.76 r
  U3171/A (NAND2HD2X)                                     0.00       2.76 r
  U3171/Z (NAND2HD2X)                                     0.06       2.82 f
  n4632 (net)                                   2         0.00       2.82 f
  U3273/A (MUX2CLKHD2X)                                   0.00       2.82 f
  U3273/Z (MUX2CLKHD2X)                                   0.16       2.98 f
  n962 (net)                                    1         0.00       2.98 f
  u_ex_stage/ex_mem_alu_result_reg[29]/D (FFDQRHD1X)      0.00       2.98 f
  data arrival time                                                  2.98

  clock clk (rise edge)                                   4.00       4.00
  clock network delay (ideal)                             0.00       4.00
  clock uncertainty                                      -1.00       3.00
  u_ex_stage/ex_mem_alu_result_reg[29]/CK (FFDQRHD1X)     0.00       3.00 r
  library setup time                                     -0.14       2.86
  data required time                                                 2.86
  --------------------------------------------------------------------------
  data required time                                                 2.86
  data arrival time                                                 -2.98
  --------------------------------------------------------------------------
  slack (VIOLATED)                                                  -0.12


  Startpoint: u_id_stage/id_ex_rs2_reg[0]
              (rising edge-triggered flip-flop clocked by clk)
  Endpoint: u_if_stage/pc_reg[30]
            (rising edge-triggered flip-flop clocked by clk)
  Path Group: clk
  Path Type: max

  Des/Clust/Port     Wire Load Model       Library
  ------------------------------------------------
  regfile            reference_area_100000 smic13_tt
  pipeline_control_0 reference_area_20000  smic13_tt
  mem_stage          reference_area_20000  smic13_tt
  id_stage           reference_area_100000 smic13_tt
  cpu_core           reference_area_1000000
                                           smic13_tt
  if_stage_00000000  reference_area_20000  smic13_tt
  forwarding_unit    reference_area_20000  smic13_tt

  Point                                       Fanout      Incr       Path
  --------------------------------------------------------------------------
  clock clk (rise edge)                                   0.00       0.00
  clock network delay (ideal)                             0.00       0.00
  u_id_stage/id_ex_rs2_reg[0]/CK (FFDRHQHD3X)             0.00 #     0.00 r
  u_id_stage/id_ex_rs2_reg[0]/Q (FFDRHQHD3X)              0.14       0.14 r
  u_id_stage/id_ex_rs2[0] (net)                 3         0.00       0.14 r
  u_id_stage/id_ex_rs2[0] (id_stage)                      0.00       0.14 r
  id_ex_rs2[0] (net)                                      0.00       0.14 r
  u_ex_stage/u_forwarding_unit/ex_rs2[0] (forwarding_unit)
                                                          0.00       0.14 r
  u_ex_stage/u_forwarding_unit/ex_rs2[0] (net)            0.00       0.14 r
  u_ex_stage/u_forwarding_unit/U45/B (XNOR2HD2X)          0.00       0.14 r
  u_ex_stage/u_forwarding_unit/U45/Z (XNOR2HD2X)          0.17       0.31 f
  u_ex_stage/u_forwarding_unit/n29 (net)        1         0.00       0.31 f
  u_ex_stage/u_forwarding_unit/U47/A (AND2CLKHD3X)        0.00       0.31 f
  u_ex_stage/u_forwarding_unit/U47/Z (AND2CLKHD3X)        0.10       0.42 f
  u_ex_stage/u_forwarding_unit/n30 (net)        1         0.00       0.42 f
  u_ex_stage/u_forwarding_unit/U15/B (NAND2HD3X)          0.00       0.42 f
  u_ex_stage/u_forwarding_unit/U15/Z (NAND2HD3X)          0.04       0.46 r
  u_ex_stage/u_forwarding_unit/n31 (net)        1         0.00       0.46 r
  u_ex_stage/u_forwarding_unit/U39/B (NOR2HD3X)           0.00       0.46 r
  u_ex_stage/u_forwarding_unit/U39/Z (NOR2HD3X)           0.04       0.50 f
  u_ex_stage/u_forwarding_unit/n52 (net)        2         0.00       0.50 f
  u_ex_stage/u_forwarding_unit/U60/B (NOR2HD2X)           0.00       0.50 f
  u_ex_stage/u_forwarding_unit/U60/Z (NOR2HD2X)           0.06       0.56 r
  u_ex_stage/u_forwarding_unit/n53 (net)        1         0.00       0.56 r
  u_ex_stage/u_forwarding_unit/U40/B (AND2CLKHD4X)        0.00       0.56 r
  u_ex_stage/u_forwarding_unit/U40/Z (AND2CLKHD4X)        0.14       0.70 r
  u_ex_stage/u_forwarding_unit/forward_b[0] (net)
                                                3         0.00       0.70 r
  u_ex_stage/u_forwarding_unit/forward_b[0] (forwarding_unit)
                                                          0.00       0.70 r
  u_ex_stage/forward_b[0] (net)                           0.00       0.70 r
  U1649/A (INVHD4X)                                       0.00       0.70 r
  U1649/Z (INVHD4X)                                       0.03       0.73 f
  n2130 (net)                                   2         0.00       0.73 f
  U1648/A (NAND2HD3X)                                     0.00       0.73 f
  U1648/Z (NAND2HD3X)                                     0.06       0.79 r
  n2832 (net)                                   1         0.00       0.79 r
  U1689/A (INVHD4X)                                       0.00       0.79 r
  U1689/Z (INVHD4X)                                       0.04       0.83 f
  n2185 (net)                                   1         0.00       0.83 f
  U2565/A (INVHD8X)                                       0.00       0.83 f
  U2565/Z (INVHD8X)                                       0.06       0.89 r
  n2186 (net)                                   5         0.00       0.89 r
  U2307/B (NOR2B1HD2X)                                    0.00       0.89 r
  U2307/Z (NOR2B1HD2X)                                    0.03       0.92 f
  n2072 (net)                                   1         0.00       0.92 f
  U2100/A (INVHDPX)                                       0.00       0.92 f
  U2100/Z (INVHDPX)                                       0.06       0.99 r
  n2973 (net)                                   1         0.00       0.99 r
  U3296/B (AND3HD2X)                                      0.00       0.99 r
  U3296/Z (AND3HD2X)                                      0.13       1.12 r
  n2976 (net)                                   1         0.00       1.12 r
  U2183/A (NAND2HD3X)                                     0.00       1.12 r
  U2183/Z (NAND2HD3X)                                     0.05       1.17 f
  n2170 (net)                                   1         0.00       1.17 f
  U1488/A (INVHD4X)                                       0.00       1.17 f
  U1488/Z (INVHD4X)                                       0.07       1.24 r
  n2400 (net)                                   4         0.00       1.24 r
  U1456/B (OR2HDMX)                                       0.00       1.24 r
  U1456/Z (OR2HDMX)                                       0.16       1.39 r
  n2458 (net)                                   1         0.00       1.39 r
  U2575/B (NAND2HD3X)                                     0.00       1.39 r
  U2575/Z (NAND2HD3X)                                     0.09       1.48 f
  n4385 (net)                                   5         0.00       1.48 f
  U2837/A (XNOR2HD2X)                                     0.00       1.48 f
  U2837/Z (XNOR2HD2X)                                     0.19       1.67 r
  n3312 (net)                                   2         0.00       1.67 r
  U3451/B (NOR2HD2X)                                      0.00       1.67 r
  U3451/Z (NOR2HD2X)                                      0.07       1.74 f
  n4817 (net)                                   3         0.00       1.74 f
  U3452/A (NOR2HD2X)                                      0.00       1.74 f
  U3452/Z (NOR2HD2X)                                      0.14       1.88 r
  n4893 (net)                                   3         0.00       1.88 r
  U3453/B (NAND2HD1X)                                     0.00       1.88 r
  U3453/Z (NAND2HD1X)                                     0.14       2.02 f
  n4850 (net)                                   3         0.00       2.02 f
  U3454/B (NOR2HD2X)                                      0.00       2.02 f
  U3454/Z (NOR2HD2X)                                      0.09       2.11 r
  n3310 (net)                                   1         0.00       2.11 r
  U2855/A (BUFHD4X)                                       0.00       2.11 r
  U2855/Z (BUFHD4X)                                       0.13       2.25 r
  n4610 (net)                                   9         0.00       2.25 r
  U2990/B (NAND2HDLX)                                     0.00       2.25 r
  U2990/Z (NAND2HDLX)                                     0.11       2.36 f
  n3418 (net)                                   1         0.00       2.36 f
  U2177/A (OAI21HD1X)                                     0.00       2.36 f
  U2177/Z (OAI21HD1X)                                     0.16       2.52 r
  n3424 (net)                                   1         0.00       2.52 r
  U3584/A (XNOR2HD2X)                                     0.00       2.52 r
  U3584/Z (XNOR2HD2X)                                     0.18       2.70 f
  n3425 (net)                                   1         0.00       2.70 f
  U2432/B (NAND2HD3X)                                     0.00       2.71 f
  U2432/Z (NAND2HD3X)                                     0.06       2.76 r
  n3426 (net)                                   1         0.00       2.76 r
  U3062/B (NAND2HD3X)                                     0.00       2.76 r
  U3062/Z (NAND2HD3X)                                     0.05       2.82 f
  n4989 (net)                                   2         0.00       2.82 f
  U2375/B (NAND2HD3X)                                     0.00       2.82 f
  U2375/Z (NAND2HD3X)                                     0.06       2.87 r
  n2116 (net)                                   1         0.00       2.87 r
  U2178/B (NAND2HD3X)                                     0.00       2.87 r
  U2178/Z (NAND2HD3X)                                     0.04       2.92 f
  redirect_pc[30] (net)                         1         0.00       2.92 f
  u_if_stage/redirect_pc[30] (if_stage_00000000)          0.00       2.92 f
  u_if_stage/redirect_pc[30] (net)                        0.00       2.92 f
  u_if_stage/U68/B (NAND2HD2X)                            0.00       2.92 f
  u_if_stage/U68/Z (NAND2HD2X)                            0.05       2.97 r
  u_if_stage/n230 (net)                         1         0.00       2.97 r
  u_if_stage/U69/B (NAND2HD2X)                            0.00       2.97 r
  u_if_stage/U69/Z (NAND2HD2X)                            0.03       3.00 f
  u_if_stage/n168 (net)                         1         0.00       3.00 f
  u_if_stage/pc_reg[30]/D (FFDQRHDMX)                     0.00       3.00 f
  data arrival time                                                  3.00

  clock clk (rise edge)                                   4.00       4.00
  clock network delay (ideal)                             0.00       4.00
  clock uncertainty                                      -1.00       3.00
  u_if_stage/pc_reg[30]/CK (FFDQRHDMX)                    0.00       3.00 r
  library setup time                                     -0.13       2.87
  data required time                                                 2.87
  --------------------------------------------------------------------------
  data required time                                                 2.87
  data arrival time                                                 -3.00
  --------------------------------------------------------------------------
  slack (VIOLATED)                                                  -0.12


  Startpoint: u_ex_stage/ex_mem_rd_reg[3]
              (rising edge-triggered flip-flop clocked by clk)
  Endpoint: u_if_stage/pc_reg[29]
            (rising edge-triggered flip-flop clocked by clk)
  Path Group: clk
  Path Type: max

  Des/Clust/Port     Wire Load Model       Library
  ------------------------------------------------
  regfile            reference_area_100000 smic13_tt
  pipeline_control_0 reference_area_20000  smic13_tt
  mem_stage          reference_area_20000  smic13_tt
  id_stage           reference_area_100000 smic13_tt
  cpu_core           reference_area_1000000
                                           smic13_tt
  if_stage_00000000  reference_area_20000  smic13_tt
  forwarding_unit    reference_area_20000  smic13_tt

  Point                                       Fanout      Incr       Path
  --------------------------------------------------------------------------
  clock clk (rise edge)                                   0.00       0.00
  clock network delay (ideal)                             0.00       0.00
  u_ex_stage/ex_mem_rd_reg[3]/CK (FFDRHQHD3X)             0.00 #     0.00 r
  u_ex_stage/ex_mem_rd_reg[3]/Q (FFDRHQHD3X)              0.15       0.15 r
  ex_mem_rd[3] (net)                            4         0.00       0.15 r
  u_ex_stage/u_forwarding_unit/mem_rd[3] (forwarding_unit)
                                                          0.00       0.15 r
  u_ex_stage/u_forwarding_unit/mem_rd[3] (net)            0.00       0.15 r
  u_ex_stage/u_forwarding_unit/U46/B (XNOR2HD2X)          0.00       0.15 r
  u_ex_stage/u_forwarding_unit/U46/Z (XNOR2HD2X)          0.17       0.32 f
  u_ex_stage/u_forwarding_unit/n28 (net)        1         0.00       0.32 f
  u_ex_stage/u_forwarding_unit/U47/B (AND2CLKHD3X)        0.00       0.32 f
  u_ex_stage/u_forwarding_unit/U47/Z (AND2CLKHD3X)        0.10       0.41 f
  u_ex_stage/u_forwarding_unit/n30 (net)        1         0.00       0.41 f
  u_ex_stage/u_forwarding_unit/U15/B (NAND2HD3X)          0.00       0.41 f
  u_ex_stage/u_forwarding_unit/U15/Z (NAND2HD3X)          0.04       0.45 r
  u_ex_stage/u_forwarding_unit/n31 (net)        1         0.00       0.45 r
  u_ex_stage/u_forwarding_unit/U39/B (NOR2HD3X)           0.00       0.45 r
  u_ex_stage/u_forwarding_unit/U39/Z (NOR2HD3X)           0.04       0.49 f
  u_ex_stage/u_forwarding_unit/n52 (net)        2         0.00       0.49 f
  u_ex_stage/u_forwarding_unit/U60/B (NOR2HD2X)           0.00       0.49 f
  u_ex_stage/u_forwarding_unit/U60/Z (NOR2HD2X)           0.06       0.55 r
  u_ex_stage/u_forwarding_unit/n53 (net)        1         0.00       0.55 r
  u_ex_stage/u_forwarding_unit/U40/B (AND2CLKHD4X)        0.00       0.55 r
  u_ex_stage/u_forwarding_unit/U40/Z (AND2CLKHD4X)        0.14       0.69 r
  u_ex_stage/u_forwarding_unit/forward_b[0] (net)
                                                3         0.00       0.69 r
  u_ex_stage/u_forwarding_unit/forward_b[0] (forwarding_unit)
                                                          0.00       0.69 r
  u_ex_stage/forward_b[0] (net)                           0.00       0.69 r
  U1649/A (INVHD4X)                                       0.00       0.69 r
  U1649/Z (INVHD4X)                                       0.03       0.73 f
  n2130 (net)                                   2         0.00       0.73 f
  U1648/A (NAND2HD3X)                                     0.00       0.73 f
  U1648/Z (NAND2HD3X)                                     0.06       0.79 r
  n2832 (net)                                   1         0.00       0.79 r
  U1689/A (INVHD4X)                                       0.00       0.79 r
  U1689/Z (INVHD4X)                                       0.04       0.82 f
  n2185 (net)                                   1         0.00       0.82 f
  U2565/A (INVHD8X)                                       0.00       0.82 f
  U2565/Z (INVHD8X)                                       0.06       0.88 r
  n2186 (net)                                   5         0.00       0.88 r
  U2307/B (NOR2B1HD2X)                                    0.00       0.88 r
  U2307/Z (NOR2B1HD2X)                                    0.03       0.92 f
  n2072 (net)                                   1         0.00       0.92 f
  U2100/A (INVHDPX)                                       0.00       0.92 f
  U2100/Z (INVHDPX)                                       0.06       0.98 r
  n2973 (net)                                   1         0.00       0.98 r
  U3296/B (AND3HD2X)                                      0.00       0.98 r
  U3296/Z (AND3HD2X)                                      0.13       1.12 r
  n2976 (net)                                   1         0.00       1.12 r
  U2183/A (NAND2HD3X)                                     0.00       1.12 r
  U2183/Z (NAND2HD3X)                                     0.05       1.16 f
  n2170 (net)                                   1         0.00       1.16 f
  U1488/A (INVHD4X)                                       0.00       1.16 f
  U1488/Z (INVHD4X)                                       0.07       1.23 r
  n2400 (net)                                   4         0.00       1.23 r
  U1456/B (OR2HDMX)                                       0.00       1.23 r
  U1456/Z (OR2HDMX)                                       0.16       1.39 r
  n2458 (net)                                   1         0.00       1.39 r
  U2575/B (NAND2HD3X)                                     0.00       1.39 r
  U2575/Z (NAND2HD3X)                                     0.09       1.48 f
  n4385 (net)                                   5         0.00       1.48 f
  U2837/A (XNOR2HD2X)                                     0.00       1.48 f
  U2837/Z (XNOR2HD2X)                                     0.19       1.67 r
  n3312 (net)                                   2         0.00       1.67 r
  U3451/B (NOR2HD2X)                                      0.00       1.67 r
  U3451/Z (NOR2HD2X)                                      0.07       1.74 f
  n4817 (net)                                   3         0.00       1.74 f
  U3452/A (NOR2HD2X)                                      0.00       1.74 f
  U3452/Z (NOR2HD2X)                                      0.14       1.88 r
  n4893 (net)                                   3         0.00       1.88 r
  U3453/B (NAND2HD1X)                                     0.00       1.88 r
  U3453/Z (NAND2HD1X)                                     0.14       2.02 f
  n4850 (net)                                   3         0.00       2.02 f
  U3454/B (NOR2HD2X)                                      0.00       2.02 f
  U3454/Z (NOR2HD2X)                                      0.09       2.11 r
  n3310 (net)                                   1         0.00       2.11 r
  U2855/A (BUFHD4X)                                       0.00       2.11 r
  U2855/Z (BUFHD4X)                                       0.13       2.24 r
  n4610 (net)                                   9         0.00       2.24 r
  U4160/B (NAND2HDUX)                                     0.00       2.24 r
  U4160/Z (NAND2HDUX)                                     0.13       2.37 f
  n4452 (net)                                   1         0.00       2.37 f
  U3047/B (OAI21HD1X)                                     0.00       2.37 f
  U3047/Z (OAI21HD1X)                                     0.15       2.52 r
  n2616 (net)                                   1         0.00       2.52 r
  U3173/A (XNOR2HD2X)                                     0.00       2.52 r
  U3173/Z (XNOR2HD2X)                                     0.18       2.70 f
  n2615 (net)                                   1         0.00       2.70 f
  U3172/B (NAND2HD2X)                                     0.00       2.70 f
  U3172/Z (NAND2HD2X)                                     0.06       2.76 r
  n2614 (net)                                   1         0.00       2.76 r
  U3171/A (NAND2HD2X)                                     0.00       2.76 r
  U3171/Z (NAND2HD2X)                                     0.06       2.82 f
  n4632 (net)                                   2         0.00       2.82 f
  U4163/B (AND2CLKHD3X)                                   0.00       2.82 f
  U4163/Z (AND2CLKHD3X)                                   0.10       2.92 f
  n5008 (net)                                   1         0.00       2.92 f
  u_if_stage/redirect_pc[29] (if_stage_00000000)          0.00       2.92 f
  u_if_stage/redirect_pc[29] (net)                        0.00       2.92 f
  u_if_stage/U200/B (NAND2HD2X)                           0.00       2.92 f
  u_if_stage/U200/Z (NAND2HD2X)                           0.05       2.96 r
  u_if_stage/n37 (net)                          1         0.00       2.96 r
  u_if_stage/U199/B (NAND2HD2X)                           0.00       2.96 r
  u_if_stage/U199/Z (NAND2HD2X)                           0.03       2.99 f
  u_if_stage/n169 (net)                         1         0.00       2.99 f
  u_if_stage/pc_reg[29]/D (FFDQRHDMX)                     0.00       2.99 f
  data arrival time                                                  2.99

  clock clk (rise edge)                                   4.00       4.00
  clock network delay (ideal)                             0.00       4.00
  clock uncertainty                                      -1.00       3.00
  u_if_stage/pc_reg[29]/CK (FFDQRHDMX)                    0.00       3.00 r
  library setup time                                     -0.13       2.87
  data required time                                                 2.87
  --------------------------------------------------------------------------
  data required time                                                 2.87
  data arrival time                                                 -2.99
  --------------------------------------------------------------------------
  slack (VIOLATED)                                                  -0.12


  Startpoint: u_id_stage/id_ex_rs2_reg[0]
              (rising edge-triggered flip-flop clocked by clk)
  Endpoint: u_if_stage/pc_reg[25]
            (rising edge-triggered flip-flop clocked by clk)
  Path Group: clk
  Path Type: max

  Des/Clust/Port     Wire Load Model       Library
  ------------------------------------------------
  regfile            reference_area_100000 smic13_tt
  pipeline_control_0 reference_area_20000  smic13_tt
  mem_stage          reference_area_20000  smic13_tt
  id_stage           reference_area_100000 smic13_tt
  cpu_core           reference_area_1000000
                                           smic13_tt
  if_stage_00000000  reference_area_20000  smic13_tt
  forwarding_unit    reference_area_20000  smic13_tt

  Point                                       Fanout      Incr       Path
  --------------------------------------------------------------------------
  clock clk (rise edge)                                   0.00       0.00
  clock network delay (ideal)                             0.00       0.00
  u_id_stage/id_ex_rs2_reg[0]/CK (FFDRHQHD3X)             0.00 #     0.00 r
  u_id_stage/id_ex_rs2_reg[0]/Q (FFDRHQHD3X)              0.14       0.14 r
  u_id_stage/id_ex_rs2[0] (net)                 3         0.00       0.14 r
  u_id_stage/id_ex_rs2[0] (id_stage)                      0.00       0.14 r
  id_ex_rs2[0] (net)                                      0.00       0.14 r
  u_ex_stage/u_forwarding_unit/ex_rs2[0] (forwarding_unit)
                                                          0.00       0.14 r
  u_ex_stage/u_forwarding_unit/ex_rs2[0] (net)            0.00       0.14 r
  u_ex_stage/u_forwarding_unit/U45/B (XNOR2HD2X)          0.00       0.14 r
  u_ex_stage/u_forwarding_unit/U45/Z (XNOR2HD2X)          0.17       0.31 f
  u_ex_stage/u_forwarding_unit/n29 (net)        1         0.00       0.31 f
  u_ex_stage/u_forwarding_unit/U47/A (AND2CLKHD3X)        0.00       0.31 f
  u_ex_stage/u_forwarding_unit/U47/Z (AND2CLKHD3X)        0.10       0.42 f
  u_ex_stage/u_forwarding_unit/n30 (net)        1         0.00       0.42 f
  u_ex_stage/u_forwarding_unit/U15/B (NAND2HD3X)          0.00       0.42 f
  u_ex_stage/u_forwarding_unit/U15/Z (NAND2HD3X)          0.04       0.46 r
  u_ex_stage/u_forwarding_unit/n31 (net)        1         0.00       0.46 r
  u_ex_stage/u_forwarding_unit/U39/B (NOR2HD3X)           0.00       0.46 r
  u_ex_stage/u_forwarding_unit/U39/Z (NOR2HD3X)           0.04       0.50 f
  u_ex_stage/u_forwarding_unit/n52 (net)        2         0.00       0.50 f
  u_ex_stage/u_forwarding_unit/U60/B (NOR2HD2X)           0.00       0.50 f
  u_ex_stage/u_forwarding_unit/U60/Z (NOR2HD2X)           0.06       0.56 r
  u_ex_stage/u_forwarding_unit/n53 (net)        1         0.00       0.56 r
  u_ex_stage/u_forwarding_unit/U40/B (AND2CLKHD4X)        0.00       0.56 r
  u_ex_stage/u_forwarding_unit/U40/Z (AND2CLKHD4X)        0.14       0.70 r
  u_ex_stage/u_forwarding_unit/forward_b[0] (net)
                                                3         0.00       0.70 r
  u_ex_stage/u_forwarding_unit/forward_b[0] (forwarding_unit)
                                                          0.00       0.70 r
  u_ex_stage/forward_b[0] (net)                           0.00       0.70 r
  U1649/A (INVHD4X)                                       0.00       0.70 r
  U1649/Z (INVHD4X)                                       0.03       0.73 f
  n2130 (net)                                   2         0.00       0.73 f
  U1648/A (NAND2HD3X)                                     0.00       0.73 f
  U1648/Z (NAND2HD3X)                                     0.06       0.79 r
  n2832 (net)                                   1         0.00       0.79 r
  U1689/A (INVHD4X)                                       0.00       0.79 r
  U1689/Z (INVHD4X)                                       0.04       0.83 f
  n2185 (net)                                   1         0.00       0.83 f
  U2565/A (INVHD8X)                                       0.00       0.83 f
  U2565/Z (INVHD8X)                                       0.06       0.89 r
  n2186 (net)                                   5         0.00       0.89 r
  U2307/B (NOR2B1HD2X)                                    0.00       0.89 r
  U2307/Z (NOR2B1HD2X)                                    0.03       0.92 f
  n2072 (net)                                   1         0.00       0.92 f
  U2100/A (INVHDPX)                                       0.00       0.92 f
  U2100/Z (INVHDPX)                                       0.06       0.99 r
  n2973 (net)                                   1         0.00       0.99 r
  U3296/B (AND3HD2X)                                      0.00       0.99 r
  U3296/Z (AND3HD2X)                                      0.13       1.12 r
  n2976 (net)                                   1         0.00       1.12 r
  U2183/A (NAND2HD3X)                                     0.00       1.12 r
  U2183/Z (NAND2HD3X)                                     0.05       1.17 f
  n2170 (net)                                   1         0.00       1.17 f
  U1488/A (INVHD4X)                                       0.00       1.17 f
  U1488/Z (INVHD4X)                                       0.07       1.24 r
  n2400 (net)                                   4         0.00       1.24 r
  U1456/B (OR2HDMX)                                       0.00       1.24 r
  U1456/Z (OR2HDMX)                                       0.16       1.39 r
  n2458 (net)                                   1         0.00       1.39 r
  U2575/B (NAND2HD3X)                                     0.00       1.39 r
  U2575/Z (NAND2HD3X)                                     0.09       1.48 f
  n4385 (net)                                   5         0.00       1.48 f
  U2837/A (XNOR2HD2X)                                     0.00       1.48 f
  U2837/Z (XNOR2HD2X)                                     0.19       1.67 f
  n3312 (net)                                   2         0.00       1.67 f
  U2836/B (NAND2HD2X)                                     0.00       1.67 f
  U2836/Z (NAND2HD2X)                                     0.10       1.77 r
  n4816 (net)                                   3         0.00       1.77 r
  U2835/A (INVCLKHD2X)                                    0.00       1.77 r
  U2835/Z (INVCLKHD2X)                                    0.05       1.82 f
  n2249 (net)                                   1         0.00       1.82 f
  U1775/A (NAND2HD3X)                                     0.00       1.82 f
  U1775/Z (NAND2HD3X)                                     0.06       1.88 r
  n3313 (net)                                   1         0.00       1.88 r
  U3104/B (NAND2HD2X)                                     0.00       1.88 r
  U3104/Z (NAND2HD2X)                                     0.08       1.96 f
  n4894 (net)                                   3         0.00       1.96 f
  U1772/A (NAND2HD3X)                                     0.00       1.96 f
  U1772/Z (NAND2HD3X)                                     0.07       2.03 r
  n2290 (net)                                   1         0.00       2.03 r
  U2433/A (NAND2HD3X)                                     0.00       2.03 r
  U2433/Z (NAND2HD3X)                                     0.08       2.11 f
  n2285 (net)                                   5         0.00       2.11 f
  U2556/B (NAND2HD2X)                                     0.00       2.11 f
  U2556/Z (NAND2HD2X)                                     0.07       2.18 r
  n2289 (net)                                   1         0.00       2.18 r
  U1777/B (NAND2HD3X)                                     0.00       2.18 r
  U1777/Z (NAND2HD3X)                                     0.12       2.30 f
  n2288 (net)                                   9         0.00       2.30 f
  U2531/B (AOI21HD1X)                                     0.00       2.30 f
  U2531/Z (AOI21HD1X)                                     0.14       2.44 r
  n3327 (net)                                   1         0.00       2.44 r
  U3464/C (OAI21HD1X)                                     0.00       2.44 r
  U3464/Z (OAI21HD1X)                                     0.07       2.51 f
  n3332 (net)                                   1         0.00       2.51 f
  U3134/A (XNOR2HD2X)                                     0.00       2.51 f
  U3134/Z (XNOR2HD2X)                                     0.16       2.67 r
  n2551 (net)                                   1         0.00       2.67 r
  U3080/B (NOR2HD3X)                                      0.00       2.67 r
  U3080/Z (NOR2HD3X)                                      0.04       2.71 f
  n2550 (net)                                   1         0.00       2.71 f
  U2989/B (NOR2HD3X)                                      0.00       2.71 f
  U2989/Z (NOR2HD3X)                                      0.08       2.78 r
  n4582 (net)                                   2         0.00       2.78 r
  U1776/B (OAI21HDMX)                                     0.00       2.78 r
  U1776/Z (OAI21HDMX)                                     0.12       2.90 f
  redirect_pc[25] (net)                         1         0.00       2.90 f
  u_if_stage/redirect_pc[25] (if_stage_00000000)          0.00       2.90 f
  u_if_stage/redirect_pc[25] (net)                        0.00       2.90 f
  u_if_stage/U188/B (NAND2HD2X)                           0.00       2.90 f
  u_if_stage/U188/Z (NAND2HD2X)                           0.06       2.96 r
  u_if_stage/n26 (net)                          1         0.00       2.96 r
  u_if_stage/U191/B (NAND2HD2X)                           0.00       2.96 r
  u_if_stage/U191/Z (NAND2HD2X)                           0.03       2.99 f
  u_if_stage/n173 (net)                         1         0.00       2.99 f
  u_if_stage/pc_reg[25]/D (FFDQRHDMX)                     0.00       2.99 f
  data arrival time                                                  2.99

  clock clk (rise edge)                                   4.00       4.00
  clock network delay (ideal)                             0.00       4.00
  clock uncertainty                                      -1.00       3.00
  u_if_stage/pc_reg[25]/CK (FFDQRHDMX)                    0.00       3.00 r
  library setup time                                     -0.13       2.87
  data required time                                                 2.87
  --------------------------------------------------------------------------
  data required time                                                 2.87
  data arrival time                                                 -2.99
  --------------------------------------------------------------------------
  slack (VIOLATED)                                                  -0.12


  Startpoint: u_id_stage/id_ex_rs2_reg[0]
              (rising edge-triggered flip-flop clocked by clk)
  Endpoint: u_if_stage/pc_reg[27]
            (rising edge-triggered flip-flop clocked by clk)
  Path Group: clk
  Path Type: max

  Des/Clust/Port     Wire Load Model       Library
  ------------------------------------------------
  regfile            reference_area_100000 smic13_tt
  pipeline_control_0 reference_area_20000  smic13_tt
  mem_stage          reference_area_20000  smic13_tt
  id_stage           reference_area_100000 smic13_tt
  cpu_core           reference_area_1000000
                                           smic13_tt
  if_stage_00000000  reference_area_20000  smic13_tt
  forwarding_unit    reference_area_20000  smic13_tt

  Point                                       Fanout      Incr       Path
  --------------------------------------------------------------------------
  clock clk (rise edge)                                   0.00       0.00
  clock network delay (ideal)                             0.00       0.00
  u_id_stage/id_ex_rs2_reg[0]/CK (FFDRHQHD3X)             0.00 #     0.00 r
  u_id_stage/id_ex_rs2_reg[0]/Q (FFDRHQHD3X)              0.14       0.14 r
  u_id_stage/id_ex_rs2[0] (net)                 3         0.00       0.14 r
  u_id_stage/id_ex_rs2[0] (id_stage)                      0.00       0.14 r
  id_ex_rs2[0] (net)                                      0.00       0.14 r
  u_ex_stage/u_forwarding_unit/ex_rs2[0] (forwarding_unit)
                                                          0.00       0.14 r
  u_ex_stage/u_forwarding_unit/ex_rs2[0] (net)            0.00       0.14 r
  u_ex_stage/u_forwarding_unit/U45/B (XNOR2HD2X)          0.00       0.14 r
  u_ex_stage/u_forwarding_unit/U45/Z (XNOR2HD2X)          0.17       0.31 f
  u_ex_stage/u_forwarding_unit/n29 (net)        1         0.00       0.31 f
  u_ex_stage/u_forwarding_unit/U47/A (AND2CLKHD3X)        0.00       0.31 f
  u_ex_stage/u_forwarding_unit/U47/Z (AND2CLKHD3X)        0.10       0.42 f
  u_ex_stage/u_forwarding_unit/n30 (net)        1         0.00       0.42 f
  u_ex_stage/u_forwarding_unit/U15/B (NAND2HD3X)          0.00       0.42 f
  u_ex_stage/u_forwarding_unit/U15/Z (NAND2HD3X)          0.04       0.46 r
  u_ex_stage/u_forwarding_unit/n31 (net)        1         0.00       0.46 r
  u_ex_stage/u_forwarding_unit/U39/B (NOR2HD3X)           0.00       0.46 r
  u_ex_stage/u_forwarding_unit/U39/Z (NOR2HD3X)           0.04       0.50 f
  u_ex_stage/u_forwarding_unit/n52 (net)        2         0.00       0.50 f
  u_ex_stage/u_forwarding_unit/U60/B (NOR2HD2X)           0.00       0.50 f
  u_ex_stage/u_forwarding_unit/U60/Z (NOR2HD2X)           0.06       0.56 r
  u_ex_stage/u_forwarding_unit/n53 (net)        1         0.00       0.56 r
  u_ex_stage/u_forwarding_unit/U40/B (AND2CLKHD4X)        0.00       0.56 r
  u_ex_stage/u_forwarding_unit/U40/Z (AND2CLKHD4X)        0.14       0.70 r
  u_ex_stage/u_forwarding_unit/forward_b[0] (net)
                                                3         0.00       0.70 r
  u_ex_stage/u_forwarding_unit/forward_b[0] (forwarding_unit)
                                                          0.00       0.70 r
  u_ex_stage/forward_b[0] (net)                           0.00       0.70 r
  U1649/A (INVHD4X)                                       0.00       0.70 r
  U1649/Z (INVHD4X)                                       0.03       0.73 f
  n2130 (net)                                   2         0.00       0.73 f
  U1648/A (NAND2HD3X)                                     0.00       0.73 f
  U1648/Z (NAND2HD3X)                                     0.06       0.79 r
  n2832 (net)                                   1         0.00       0.79 r
  U1689/A (INVHD4X)                                       0.00       0.79 r
  U1689/Z (INVHD4X)                                       0.04       0.83 f
  n2185 (net)                                   1         0.00       0.83 f
  U2565/A (INVHD8X)                                       0.00       0.83 f
  U2565/Z (INVHD8X)                                       0.06       0.89 r
  n2186 (net)                                   5         0.00       0.89 r
  U2307/B (NOR2B1HD2X)                                    0.00       0.89 r
  U2307/Z (NOR2B1HD2X)                                    0.03       0.92 f
  n2072 (net)                                   1         0.00       0.92 f
  U2100/A (INVHDPX)                                       0.00       0.92 f
  U2100/Z (INVHDPX)                                       0.06       0.99 r
  n2973 (net)                                   1         0.00       0.99 r
  U3296/B (AND3HD2X)                                      0.00       0.99 r
  U3296/Z (AND3HD2X)                                      0.13       1.12 r
  n2976 (net)                                   1         0.00       1.12 r
  U2183/A (NAND2HD3X)                                     0.00       1.12 r
  U2183/Z (NAND2HD3X)                                     0.05       1.17 f
  n2170 (net)                                   1         0.00       1.17 f
  U1488/A (INVHD4X)                                       0.00       1.17 f
  U1488/Z (INVHD4X)                                       0.07       1.24 r
  n2400 (net)                                   4         0.00       1.24 r
  U1456/B (OR2HDMX)                                       0.00       1.24 r
  U1456/Z (OR2HDMX)                                       0.16       1.39 r
  n2458 (net)                                   1         0.00       1.39 r
  U2575/B (NAND2HD3X)                                     0.00       1.39 r
  U2575/Z (NAND2HD3X)                                     0.09       1.48 f
  n4385 (net)                                   5         0.00       1.48 f
  U2837/A (XNOR2HD2X)                                     0.00       1.48 f
  U2837/Z (XNOR2HD2X)                                     0.19       1.67 f
  n3312 (net)                                   2         0.00       1.67 f
  U2836/B (NAND2HD2X)                                     0.00       1.67 f
  U2836/Z (NAND2HD2X)                                     0.10       1.77 r
  n4816 (net)                                   3         0.00       1.77 r
  U2835/A (INVCLKHD2X)                                    0.00       1.77 r
  U2835/Z (INVCLKHD2X)                                    0.05       1.82 f
  n2249 (net)                                   1         0.00       1.82 f
  U1775/A (NAND2HD3X)                                     0.00       1.82 f
  U1775/Z (NAND2HD3X)                                     0.06       1.88 r
  n3313 (net)                                   1         0.00       1.88 r
  U3104/B (NAND2HD2X)                                     0.00       1.88 r
  U3104/Z (NAND2HD2X)                                     0.08       1.96 f
  n4894 (net)                                   3         0.00       1.96 f
  U1772/A (NAND2HD3X)                                     0.00       1.96 f
  U1772/Z (NAND2HD3X)                                     0.07       2.03 r
  n2290 (net)                                   1         0.00       2.03 r
  U2433/A (NAND2HD3X)                                     0.00       2.03 r
  U2433/Z (NAND2HD3X)                                     0.08       2.11 f
  n2285 (net)                                   5         0.00       2.11 f
  U2556/B (NAND2HD2X)                                     0.00       2.11 f
  U2556/Z (NAND2HD2X)                                     0.07       2.18 r
  n2289 (net)                                   1         0.00       2.18 r
  U1777/B (NAND2HD3X)                                     0.00       2.18 r
  U1777/Z (NAND2HD3X)                                     0.12       2.30 f
  n2288 (net)                                   9         0.00       2.30 f
  U1293/B (AOI21HDMX)                                     0.00       2.30 f
  U1293/Z (AOI21HDMX)                                     0.17       2.46 r
  n3355 (net)                                   1         0.00       2.46 r
  U3074/C (OAI21HD1X)                                     0.00       2.46 r
  U3074/Z (OAI21HD1X)                                     0.08       2.54 f
  n2467 (net)                                   1         0.00       2.54 f
  U3073/A (XNOR2HD2X)                                     0.00       2.54 f
  U3073/Z (XNOR2HD2X)                                     0.16       2.70 f
  n3379 (net)                                   1         0.00       2.70 f
  U2444/B (NAND2HD3X)                                     0.00       2.70 f
  U2444/Z (NAND2HD3X)                                     0.06       2.76 r
  n2475 (net)                                   1         0.00       2.76 r
  U2968/B (NAND2HD3X)                                     0.00       2.76 r
  U2968/Z (NAND2HD3X)                                     0.06       2.81 f
  n2474 (net)                                   2         0.00       2.81 f
  U1785/B (NAND2HD3X)                                     0.00       2.81 f
  U1785/Z (NAND2HD3X)                                     0.05       2.87 r
  n2057 (net)                                   1         0.00       2.87 r
  U2204/A (NAND2HD3X)                                     0.00       2.87 r
  U2204/Z (NAND2HD3X)                                     0.05       2.91 f
  redirect_pc[27] (net)                         1         0.00       2.91 f
  u_if_stage/redirect_pc[27] (if_stage_00000000)          0.00       2.91 f
  u_if_stage/redirect_pc[27] (net)                        0.00       2.91 f
  u_if_stage/U195/B (NAND2B1HD2X)                         0.00       2.91 f
  u_if_stage/U195/Z (NAND2B1HD2X)                         0.05       2.96 r
  u_if_stage/n28 (net)                          1         0.00       2.96 r
  u_if_stage/U194/B (NAND2HD2X)                           0.00       2.96 r
  u_if_stage/U194/Z (NAND2HD2X)                           0.03       2.99 f
  u_if_stage/n171 (net)                         1         0.00       2.99 f
  u_if_stage/pc_reg[27]/D (FFDQRHDMX)                     0.00       2.99 f
  data arrival time                                                  2.99

  clock clk (rise edge)                                   4.00       4.00
  clock network delay (ideal)                             0.00       4.00
  clock uncertainty                                      -1.00       3.00
  u_if_stage/pc_reg[27]/CK (FFDQRHDMX)                    0.00       3.00 r
  library setup time                                     -0.13       2.87
  data required time                                                 2.87
  --------------------------------------------------------------------------
  data required time                                                 2.87
  data arrival time                                                 -2.99
  --------------------------------------------------------------------------
  slack (VIOLATED)                                                  -0.12


  Startpoint: u_id_stage/id_ex_rs2_reg[0]
              (rising edge-triggered flip-flop clocked by clk)
  Endpoint: u_if_stage/pc_reg[25]
            (rising edge-triggered flip-flop clocked by clk)
  Path Group: clk
  Path Type: max

  Des/Clust/Port     Wire Load Model       Library
  ------------------------------------------------
  regfile            reference_area_100000 smic13_tt
  pipeline_control_0 reference_area_20000  smic13_tt
  mem_stage          reference_area_20000  smic13_tt
  id_stage           reference_area_100000 smic13_tt
  cpu_core           reference_area_1000000
                                           smic13_tt
  if_stage_00000000  reference_area_20000  smic13_tt
  forwarding_unit    reference_area_20000  smic13_tt

  Point                                       Fanout      Incr       Path
  --------------------------------------------------------------------------
  clock clk (rise edge)                                   0.00       0.00
  clock network delay (ideal)                             0.00       0.00
  u_id_stage/id_ex_rs2_reg[0]/CK (FFDRHQHD3X)             0.00 #     0.00 r
  u_id_stage/id_ex_rs2_reg[0]/Q (FFDRHQHD3X)              0.14       0.14 r
  u_id_stage/id_ex_rs2[0] (net)                 3         0.00       0.14 r
  u_id_stage/id_ex_rs2[0] (id_stage)                      0.00       0.14 r
  id_ex_rs2[0] (net)                                      0.00       0.14 r
  u_ex_stage/u_forwarding_unit/ex_rs2[0] (forwarding_unit)
                                                          0.00       0.14 r
  u_ex_stage/u_forwarding_unit/ex_rs2[0] (net)            0.00       0.14 r
  u_ex_stage/u_forwarding_unit/U45/B (XNOR2HD2X)          0.00       0.14 r
  u_ex_stage/u_forwarding_unit/U45/Z (XNOR2HD2X)          0.17       0.31 f
  u_ex_stage/u_forwarding_unit/n29 (net)        1         0.00       0.31 f
  u_ex_stage/u_forwarding_unit/U47/A (AND2CLKHD3X)        0.00       0.31 f
  u_ex_stage/u_forwarding_unit/U47/Z (AND2CLKHD3X)        0.10       0.42 f
  u_ex_stage/u_forwarding_unit/n30 (net)        1         0.00       0.42 f
  u_ex_stage/u_forwarding_unit/U15/B (NAND2HD3X)          0.00       0.42 f
  u_ex_stage/u_forwarding_unit/U15/Z (NAND2HD3X)          0.04       0.46 r
  u_ex_stage/u_forwarding_unit/n31 (net)        1         0.00       0.46 r
  u_ex_stage/u_forwarding_unit/U39/B (NOR2HD3X)           0.00       0.46 r
  u_ex_stage/u_forwarding_unit/U39/Z (NOR2HD3X)           0.04       0.50 f
  u_ex_stage/u_forwarding_unit/n52 (net)        2         0.00       0.50 f
  u_ex_stage/u_forwarding_unit/U60/B (NOR2HD2X)           0.00       0.50 f
  u_ex_stage/u_forwarding_unit/U60/Z (NOR2HD2X)           0.06       0.56 r
  u_ex_stage/u_forwarding_unit/n53 (net)        1         0.00       0.56 r
  u_ex_stage/u_forwarding_unit/U40/B (AND2CLKHD4X)        0.00       0.56 r
  u_ex_stage/u_forwarding_unit/U40/Z (AND2CLKHD4X)        0.14       0.70 r
  u_ex_stage/u_forwarding_unit/forward_b[0] (net)
                                                3         0.00       0.70 r
  u_ex_stage/u_forwarding_unit/forward_b[0] (forwarding_unit)
                                                          0.00       0.70 r
  u_ex_stage/forward_b[0] (net)                           0.00       0.70 r
  U1591/A (XNOR2HD3X)                                     0.00       0.70 r
  U1591/Z (XNOR2HD3X)                                     0.15       0.84 r
  n2931 (net)                                   1         0.00       0.84 r
  U1724/A (INVHD4X)                                       0.00       0.84 r
  U1724/Z (INVHD4X)                                       0.03       0.88 f
  n2187 (net)                                   1         0.00       0.88 f
  U2567/A (INVHD8X)                                       0.00       0.88 f
  U2567/Z (INVHD8X)                                       0.08       0.96 r
  n2188 (net)                                  10         0.00       0.96 r
  U2342/A (INVHD8X)                                       0.00       0.96 r
  U2342/Z (INVHD8X)                                       0.06       1.02 f
  n3040 (net)                                   8         0.00       1.02 f
  U2322/B (NOR2B1HD2X)                                    0.00       1.02 f
  U2322/Z (NOR2B1HD2X)                                    0.08       1.11 r
  n3006 (net)                                   1         0.00       1.11 r
  U2406/A (INVCLKHD3X)                                    0.00       1.11 r
  U2406/Z (INVCLKHD3X)                                    0.04       1.15 f
  n2425 (net)                                   1         0.00       1.15 f
  U2436/B (NAND2HD3X)                                     0.00       1.15 f
  U2436/Z (NAND2HD3X)                                     0.07       1.22 r
  n4519 (net)                                   3         0.00       1.22 r
  U1463/A (BUFHD2X)                                       0.00       1.22 r
  U1463/Z (BUFHD2X)                                       0.10       1.31 r
  n2109 (net)                                   2         0.00       1.31 r
  U2434/B (NAND2HD2X)                                     0.00       1.31 r
  U2434/Z (NAND2HD2X)                                     0.05       1.36 f
  n3305 (net)                                   1         0.00       1.36 f
  U1778/B (NAND2HD3X)                                     0.00       1.36 f
  U1778/Z (NAND2HD3X)                                     0.10       1.46 r
  n4802 (net)                                   5         0.00       1.46 r
  U2838/A (XNOR2HD2X)                                     0.00       1.46 r
  U2838/Z (XNOR2HD2X)                                     0.20       1.66 f
  n3311 (net)                                   2         0.00       1.66 f
  U1402/B (NOR2HD2X)                                      0.00       1.66 f
  U1402/Z (NOR2HD2X)                                      0.14       1.79 r
  n4818 (net)                                   2         0.00       1.79 r
  U1774/A (INVHD3X)                                       0.00       1.79 r
  U1774/Z (INVHD3X)                                       0.04       1.84 f
  n2250 (net)                                   2         0.00       1.84 f
  U1775/B (NAND2HD3X)                                     0.00       1.84 f
  U1775/Z (NAND2HD3X)                                     0.05       1.88 r
  n3313 (net)                                   1         0.00       1.88 r
  U3104/B (NAND2HD2X)                                     0.00       1.88 r
  U3104/Z (NAND2HD2X)                                     0.08       1.96 f
  n4894 (net)                                   3         0.00       1.96 f
  U1772/A (NAND2HD3X)                                     0.00       1.96 f
  U1772/Z (NAND2HD3X)                                     0.07       2.03 r
  n2290 (net)                                   1         0.00       2.03 r
  U2433/A (NAND2HD3X)                                     0.00       2.03 r
  U2433/Z (NAND2HD3X)                                     0.08       2.11 f
  n2285 (net)                                   5         0.00       2.11 f
  U2556/B (NAND2HD2X)                                     0.00       2.11 f
  U2556/Z (NAND2HD2X)                                     0.07       2.18 r
  n2289 (net)                                   1         0.00       2.18 r
  U1777/B (NAND2HD3X)                                     0.00       2.18 r
  U1777/Z (NAND2HD3X)                                     0.12       2.30 f
  n2288 (net)                                   9         0.00       2.30 f
  U2531/B (AOI21HD1X)                                     0.00       2.30 f
  U2531/Z (AOI21HD1X)                                     0.14       2.44 r
  n3327 (net)                                   1         0.00       2.44 r
  U3464/C (OAI21HD1X)                                     0.00       2.44 r
  U3464/Z (OAI21HD1X)                                     0.07       2.51 f
  n3332 (net)                                   1         0.00       2.51 f
  U3134/A (XNOR2HD2X)                                     0.00       2.51 f
  U3134/Z (XNOR2HD2X)                                     0.16       2.67 r
  n2551 (net)                                   1         0.00       2.67 r
  U3080/B (NOR2HD3X)                                      0.00       2.67 r
  U3080/Z (NOR2HD3X)                                      0.04       2.71 f
  n2550 (net)                                   1         0.00       2.71 f
  U2989/B (NOR2HD3X)                                      0.00       2.71 f
  U2989/Z (NOR2HD3X)                                      0.08       2.78 r
  n4582 (net)                                   2         0.00       2.78 r
  U1776/B (OAI21HDMX)                                     0.00       2.78 r
  U1776/Z (OAI21HDMX)                                     0.12       2.90 f
  redirect_pc[25] (net)                         1         0.00       2.90 f
  u_if_stage/redirect_pc[25] (if_stage_00000000)          0.00       2.90 f
  u_if_stage/redirect_pc[25] (net)                        0.00       2.90 f
  u_if_stage/U188/B (NAND2HD2X)                           0.00       2.90 f
  u_if_stage/U188/Z (NAND2HD2X)                           0.06       2.96 r
  u_if_stage/n26 (net)                          1         0.00       2.96 r
  u_if_stage/U191/B (NAND2HD2X)                           0.00       2.96 r
  u_if_stage/U191/Z (NAND2HD2X)                           0.03       2.99 f
  u_if_stage/n173 (net)                         1         0.00       2.99 f
  u_if_stage/pc_reg[25]/D (FFDQRHDMX)                     0.00       2.99 f
  data arrival time                                                  2.99

  clock clk (rise edge)                                   4.00       4.00
  clock network delay (ideal)                             0.00       4.00
  clock uncertainty                                      -1.00       3.00
  u_if_stage/pc_reg[25]/CK (FFDQRHDMX)                    0.00       3.00 r
  library setup time                                     -0.13       2.87
  data required time                                                 2.87
  --------------------------------------------------------------------------
  data required time                                                 2.87
  data arrival time                                                 -2.99
  --------------------------------------------------------------------------
  slack (VIOLATED)                                                  -0.12


  Startpoint: u_id_stage/id_ex_rs2_reg[0]
              (rising edge-triggered flip-flop clocked by clk)
  Endpoint: u_if_stage/pc_reg[27]
            (rising edge-triggered flip-flop clocked by clk)
  Path Group: clk
  Path Type: max

  Des/Clust/Port     Wire Load Model       Library
  ------------------------------------------------
  regfile            reference_area_100000 smic13_tt
  pipeline_control_0 reference_area_20000  smic13_tt
  mem_stage          reference_area_20000  smic13_tt
  id_stage           reference_area_100000 smic13_tt
  cpu_core           reference_area_1000000
                                           smic13_tt
  if_stage_00000000  reference_area_20000  smic13_tt
  forwarding_unit    reference_area_20000  smic13_tt

  Point                                       Fanout      Incr       Path
  --------------------------------------------------------------------------
  clock clk (rise edge)                                   0.00       0.00
  clock network delay (ideal)                             0.00       0.00
  u_id_stage/id_ex_rs2_reg[0]/CK (FFDRHQHD3X)             0.00 #     0.00 r
  u_id_stage/id_ex_rs2_reg[0]/Q (FFDRHQHD3X)              0.14       0.14 r
  u_id_stage/id_ex_rs2[0] (net)                 3         0.00       0.14 r
  u_id_stage/id_ex_rs2[0] (id_stage)                      0.00       0.14 r
  id_ex_rs2[0] (net)                                      0.00       0.14 r
  u_ex_stage/u_forwarding_unit/ex_rs2[0] (forwarding_unit)
                                                          0.00       0.14 r
  u_ex_stage/u_forwarding_unit/ex_rs2[0] (net)            0.00       0.14 r
  u_ex_stage/u_forwarding_unit/U45/B (XNOR2HD2X)          0.00       0.14 r
  u_ex_stage/u_forwarding_unit/U45/Z (XNOR2HD2X)          0.17       0.31 f
  u_ex_stage/u_forwarding_unit/n29 (net)        1         0.00       0.31 f
  u_ex_stage/u_forwarding_unit/U47/A (AND2CLKHD3X)        0.00       0.31 f
  u_ex_stage/u_forwarding_unit/U47/Z (AND2CLKHD3X)        0.10       0.42 f
  u_ex_stage/u_forwarding_unit/n30 (net)        1         0.00       0.42 f
  u_ex_stage/u_forwarding_unit/U15/B (NAND2HD3X)          0.00       0.42 f
  u_ex_stage/u_forwarding_unit/U15/Z (NAND2HD3X)          0.04       0.46 r
  u_ex_stage/u_forwarding_unit/n31 (net)        1         0.00       0.46 r
  u_ex_stage/u_forwarding_unit/U39/B (NOR2HD3X)           0.00       0.46 r
  u_ex_stage/u_forwarding_unit/U39/Z (NOR2HD3X)           0.04       0.50 f
  u_ex_stage/u_forwarding_unit/n52 (net)        2         0.00       0.50 f
  u_ex_stage/u_forwarding_unit/U60/B (NOR2HD2X)           0.00       0.50 f
  u_ex_stage/u_forwarding_unit/U60/Z (NOR2HD2X)           0.06       0.56 r
  u_ex_stage/u_forwarding_unit/n53 (net)        1         0.00       0.56 r
  u_ex_stage/u_forwarding_unit/U40/B (AND2CLKHD4X)        0.00       0.56 r
  u_ex_stage/u_forwarding_unit/U40/Z (AND2CLKHD4X)        0.14       0.70 r
  u_ex_stage/u_forwarding_unit/forward_b[0] (net)
                                                3         0.00       0.70 r
  u_ex_stage/u_forwarding_unit/forward_b[0] (forwarding_unit)
                                                          0.00       0.70 r
  u_ex_stage/forward_b[0] (net)                           0.00       0.70 r
  U1591/A (XNOR2HD3X)                                     0.00       0.70 r
  U1591/Z (XNOR2HD3X)                                     0.15       0.84 r
  n2931 (net)                                   1         0.00       0.84 r
  U1724/A (INVHD4X)                                       0.00       0.84 r
  U1724/Z (INVHD4X)                                       0.03       0.88 f
  n2187 (net)                                   1         0.00       0.88 f
  U2567/A (INVHD8X)                                       0.00       0.88 f
  U2567/Z (INVHD8X)                                       0.08       0.96 r
  n2188 (net)                                  10         0.00       0.96 r
  U2342/A (INVHD8X)                                       0.00       0.96 r
  U2342/Z (INVHD8X)                                       0.06       1.02 f
  n3040 (net)                                   8         0.00       1.02 f
  U2322/B (NOR2B1HD2X)                                    0.00       1.02 f
  U2322/Z (NOR2B1HD2X)                                    0.08       1.11 r
  n3006 (net)                                   1         0.00       1.11 r
  U2406/A (INVCLKHD3X)                                    0.00       1.11 r
  U2406/Z (INVCLKHD3X)                                    0.04       1.15 f
  n2425 (net)                                   1         0.00       1.15 f
  U2436/B (NAND2HD3X)                                     0.00       1.15 f
  U2436/Z (NAND2HD3X)                                     0.07       1.22 r
  n4519 (net)                                   3         0.00       1.22 r
  U1463/A (BUFHD2X)                                       0.00       1.22 r
  U1463/Z (BUFHD2X)                                       0.10       1.31 r
  n2109 (net)                                   2         0.00       1.31 r
  U2434/B (NAND2HD2X)                                     0.00       1.31 r
  U2434/Z (NAND2HD2X)                                     0.05       1.36 f
  n3305 (net)                                   1         0.00       1.36 f
  U1778/B (NAND2HD3X)                                     0.00       1.36 f
  U1778/Z (NAND2HD3X)                                     0.10       1.46 r
  n4802 (net)                                   5         0.00       1.46 r
  U2838/A (XNOR2HD2X)                                     0.00       1.46 r
  U2838/Z (XNOR2HD2X)                                     0.20       1.66 f
  n3311 (net)                                   2         0.00       1.66 f
  U1402/B (NOR2HD2X)                                      0.00       1.66 f
  U1402/Z (NOR2HD2X)                                      0.14       1.79 r
  n4818 (net)                                   2         0.00       1.79 r
  U1774/A (INVHD3X)                                       0.00       1.79 r
  U1774/Z (INVHD3X)                                       0.04       1.84 f
  n2250 (net)                                   2         0.00       1.84 f
  U1775/B (NAND2HD3X)                                     0.00       1.84 f
  U1775/Z (NAND2HD3X)                                     0.05       1.88 r
  n3313 (net)                                   1         0.00       1.88 r
  U3104/B (NAND2HD2X)                                     0.00       1.88 r
  U3104/Z (NAND2HD2X)                                     0.08       1.96 f
  n4894 (net)                                   3         0.00       1.96 f
  U1772/A (NAND2HD3X)                                     0.00       1.96 f
  U1772/Z (NAND2HD3X)                                     0.07       2.03 r
  n2290 (net)                                   1         0.00       2.03 r
  U2433/A (NAND2HD3X)                                     0.00       2.03 r
  U2433/Z (NAND2HD3X)                                     0.08       2.11 f
  n2285 (net)                                   5         0.00       2.11 f
  U2556/B (NAND2HD2X)                                     0.00       2.11 f
  U2556/Z (NAND2HD2X)                                     0.07       2.18 r
  n2289 (net)                                   1         0.00       2.18 r
  U1777/B (NAND2HD3X)                                     0.00       2.18 r
  U1777/Z (NAND2HD3X)                                     0.12       2.30 f
  n2288 (net)                                   9         0.00       2.30 f
  U1293/B (AOI21HDMX)                                     0.00       2.30 f
  U1293/Z (AOI21HDMX)                                     0.17       2.46 r
  n3355 (net)                                   1         0.00       2.46 r
  U3074/C (OAI21HD1X)                                     0.00       2.46 r
  U3074/Z (OAI21HD1X)                                     0.08       2.54 f
  n2467 (net)                                   1         0.00       2.54 f
  U3073/A (XNOR2HD2X)                                     0.00       2.54 f
  U3073/Z (XNOR2HD2X)                                     0.16       2.70 f
  n3379 (net)                                   1         0.00       2.70 f
  U2444/B (NAND2HD3X)                                     0.00       2.70 f
  U2444/Z (NAND2HD3X)                                     0.06       2.75 r
  n2475 (net)                                   1         0.00       2.75 r
  U2968/B (NAND2HD3X)                                     0.00       2.75 r
  U2968/Z (NAND2HD3X)                                     0.06       2.81 f
  n2474 (net)                                   2         0.00       2.81 f
  U1785/B (NAND2HD3X)                                     0.00       2.81 f
  U1785/Z (NAND2HD3X)                                     0.05       2.87 r
  n2057 (net)                                   1         0.00       2.87 r
  U2204/A (NAND2HD3X)                                     0.00       2.87 r
  U2204/Z (NAND2HD3X)                                     0.05       2.91 f
  redirect_pc[27] (net)                         1         0.00       2.91 f
  u_if_stage/redirect_pc[27] (if_stage_00000000)          0.00       2.91 f
  u_if_stage/redirect_pc[27] (net)                        0.00       2.91 f
  u_if_stage/U195/B (NAND2B1HD2X)                         0.00       2.91 f
  u_if_stage/U195/Z (NAND2B1HD2X)                         0.05       2.96 r
  u_if_stage/n28 (net)                          1         0.00       2.96 r
  u_if_stage/U194/B (NAND2HD2X)                           0.00       2.96 r
  u_if_stage/U194/Z (NAND2HD2X)                           0.03       2.99 f
  u_if_stage/n171 (net)                         1         0.00       2.99 f
  u_if_stage/pc_reg[27]/D (FFDQRHDMX)                     0.00       2.99 f
  data arrival time                                                  2.99

  clock clk (rise edge)                                   4.00       4.00
  clock network delay (ideal)                             0.00       4.00
  clock uncertainty                                      -1.00       3.00
  u_if_stage/pc_reg[27]/CK (FFDQRHDMX)                    0.00       3.00 r
  library setup time                                     -0.13       2.87
  data required time                                                 2.87
  --------------------------------------------------------------------------
  data required time                                                 2.87
  data arrival time                                                 -2.99
  --------------------------------------------------------------------------
  slack (VIOLATED)                                                  -0.12


  Startpoint: u_id_stage/id_ex_rs2_reg[0]
              (rising edge-triggered flip-flop clocked by clk)
  Endpoint: u_if_stage/pc_reg[22]
            (rising edge-triggered flip-flop clocked by clk)
  Path Group: clk
  Path Type: max

  Des/Clust/Port     Wire Load Model       Library
  ------------------------------------------------
  regfile            reference_area_100000 smic13_tt
  pipeline_control_0 reference_area_20000  smic13_tt
  mem_stage          reference_area_20000  smic13_tt
  id_stage           reference_area_100000 smic13_tt
  cpu_core           reference_area_1000000
                                           smic13_tt
  if_stage_00000000  reference_area_20000  smic13_tt
  forwarding_unit    reference_area_20000  smic13_tt

  Point                                       Fanout      Incr       Path
  --------------------------------------------------------------------------
  clock clk (rise edge)                                   0.00       0.00
  clock network delay (ideal)                             0.00       0.00
  u_id_stage/id_ex_rs2_reg[0]/CK (FFDRHQHD3X)             0.00 #     0.00 r
  u_id_stage/id_ex_rs2_reg[0]/Q (FFDRHQHD3X)              0.14       0.14 r
  u_id_stage/id_ex_rs2[0] (net)                 3         0.00       0.14 r
  u_id_stage/id_ex_rs2[0] (id_stage)                      0.00       0.14 r
  id_ex_rs2[0] (net)                                      0.00       0.14 r
  u_ex_stage/u_forwarding_unit/ex_rs2[0] (forwarding_unit)
                                                          0.00       0.14 r
  u_ex_stage/u_forwarding_unit/ex_rs2[0] (net)            0.00       0.14 r
  u_ex_stage/u_forwarding_unit/U45/B (XNOR2HD2X)          0.00       0.14 r
  u_ex_stage/u_forwarding_unit/U45/Z (XNOR2HD2X)          0.17       0.31 f
  u_ex_stage/u_forwarding_unit/n29 (net)        1         0.00       0.31 f
  u_ex_stage/u_forwarding_unit/U47/A (AND2CLKHD3X)        0.00       0.31 f
  u_ex_stage/u_forwarding_unit/U47/Z (AND2CLKHD3X)        0.10       0.42 f
  u_ex_stage/u_forwarding_unit/n30 (net)        1         0.00       0.42 f
  u_ex_stage/u_forwarding_unit/U15/B (NAND2HD3X)          0.00       0.42 f
  u_ex_stage/u_forwarding_unit/U15/Z (NAND2HD3X)          0.04       0.46 r
  u_ex_stage/u_forwarding_unit/n31 (net)        1         0.00       0.46 r
  u_ex_stage/u_forwarding_unit/U39/B (NOR2HD3X)           0.00       0.46 r
  u_ex_stage/u_forwarding_unit/U39/Z (NOR2HD3X)           0.04       0.50 f
  u_ex_stage/u_forwarding_unit/n52 (net)        2         0.00       0.50 f
  u_ex_stage/u_forwarding_unit/U60/B (NOR2HD2X)           0.00       0.50 f
  u_ex_stage/u_forwarding_unit/U60/Z (NOR2HD2X)           0.06       0.56 r
  u_ex_stage/u_forwarding_unit/n53 (net)        1         0.00       0.56 r
  u_ex_stage/u_forwarding_unit/U40/B (AND2CLKHD4X)        0.00       0.56 r
  u_ex_stage/u_forwarding_unit/U40/Z (AND2CLKHD4X)        0.14       0.70 r
  u_ex_stage/u_forwarding_unit/forward_b[0] (net)
                                                3         0.00       0.70 r
  u_ex_stage/u_forwarding_unit/forward_b[0] (forwarding_unit)
                                                          0.00       0.70 r
  u_ex_stage/forward_b[0] (net)                           0.00       0.70 r
  U1591/A (XNOR2HD3X)                                     0.00       0.70 r
  U1591/Z (XNOR2HD3X)                                     0.15       0.84 r
  n2931 (net)                                   1         0.00       0.84 r
  U1724/A (INVHD4X)                                       0.00       0.84 r
  U1724/Z (INVHD4X)                                       0.03       0.88 f
  n2187 (net)                                   1         0.00       0.88 f
  U2567/A (INVHD8X)                                       0.00       0.88 f
  U2567/Z (INVHD8X)                                       0.08       0.96 r
  n2188 (net)                                  10         0.00       0.96 r
  U2823/A (INVCLKHD14X)                                   0.00       0.96 r
  U2823/Z (INVCLKHD14X)                                   0.06       1.02 f
  n3012 (net)                                   8         0.00       1.02 f
  U2143/A (INVHD2X)                                       0.00       1.02 f
  U2143/Z (INVHD2X)                                       0.05       1.07 r
  n2155 (net)                                   1         0.00       1.07 r
  U2207/B (NAND2HD3X)                                     0.00       1.07 r
  U2207/Z (NAND2HD3X)                                     0.04       1.12 f
  n2007 (net)                                   1         0.00       1.12 f
  U2189/A (NAND2HD3X)                                     0.00       1.12 f
  U2189/Z (NAND2HD3X)                                     0.11       1.23 r
  n4942 (net)                                   4         0.00       1.23 r
  U2188/A (INVHD4X)                                       0.00       1.23 r
  U2188/Z (INVHD4X)                                       0.03       1.26 f
  n2139 (net)                                   2         0.00       1.26 f
  U2153/A (BUFHD2X)                                       0.00       1.26 f
  U2153/Z (BUFHD2X)                                       0.09       1.35 f
  n1988 (net)                                   1         0.00       1.35 f
  U2454/B (NAND2HD2X)                                     0.00       1.35 f
  U2454/Z (NAND2HD2X)                                     0.04       1.39 r
  n3206 (net)                                   1         0.00       1.39 r
  U3388/B (AND2CLKHD4X)                                   0.00       1.39 r
  U3388/Z (AND2CLKHD4X)                                   0.14       1.53 r
  n4240 (net)                                   5         0.00       1.53 r
  U2066/A (XOR2CLKHD3X)                                   0.00       1.53 r
  U2066/Z (XOR2CLKHD3X)                                   0.20       1.73 f
  n3271 (net)                                   2         0.00       1.73 f
  U2180/B (NOR2HD3X)                                      0.00       1.73 f
  U2180/Z (NOR2HD3X)                                      0.14       1.87 r
  n4285 (net)                                   4         0.00       1.87 r
  U2179/B (NOR2HD3X)                                      0.00       1.87 r
  U2179/Z (NOR2HD3X)                                      0.05       1.92 f
  n3274 (net)                                   2         0.00       1.92 f
  U3427/A (AOI21HD1X)                                     0.00       1.92 f
  U3427/Z (AOI21HD1X)                                     0.13       2.06 r
  n3275 (net)                                   1         0.00       2.06 r
  U3428/C (OAI21HD1X)                                     0.00       2.06 r
  U3428/Z (OAI21HD1X)                                     0.07       2.13 f
  n3277 (net)                                   1         0.00       2.13 f
  U3429/C (AOI21HD1X)                                     0.00       2.13 f
  U3429/Z (AOI21HD1X)                                     0.13       2.26 r
  n3279 (net)                                   1         0.00       2.26 r
  U2539/A (BUFHD4X)                                       0.00       2.26 r
  U2539/Z (BUFHD4X)                                       0.10       2.35 r
  n4896 (net)                                   3         0.00       2.35 r
  U2561/A (BUFHD6X)                                       0.00       2.36 r
  U2561/Z (BUFHD6X)                                       0.11       2.46 r
  n2184 (net)                                   7         0.00       2.46 r
  U3716/B (OAI21HD1X)                                     0.00       2.46 r
  U3716/Z (OAI21HD1X)                                     0.06       2.53 f
  n3566 (net)                                   1         0.00       2.53 f
  U3718/A (XNOR2HD2X)                                     0.00       2.53 f
  U3718/Z (XNOR2HD2X)                                     0.17       2.70 f
  n4772 (net)                                   2         0.00       2.70 f
  U1675/B (OAI21HDMX)                                     0.00       2.70 f
  U1675/Z (OAI21HDMX)                                     0.15       2.85 r
  n1794 (net)                                   1         0.00       2.85 r
  U1674/B (NAND2HD2X)                                     0.00       2.85 r
  U1674/Z (NAND2HD2X)                                     0.06       2.91 f
  redirect_pc[22] (net)                         1         0.00       2.91 f
  u_if_stage/redirect_pc[22] (if_stage_00000000)          0.00       2.91 f
  u_if_stage/redirect_pc[22] (net)                        0.00       2.91 f
  u_if_stage/U185/B (NAND2HD2X)                           0.00       2.91 f
  u_if_stage/U185/Z (NAND2HD2X)                           0.05       2.96 r
  u_if_stage/n19 (net)                          1         0.00       2.96 r
  u_if_stage/U184/A (NAND2HD2X)                           0.00       2.96 r
  u_if_stage/U184/Z (NAND2HD2X)                           0.03       2.99 f
  u_if_stage/n176 (net)                         1         0.00       2.99 f
  u_if_stage/pc_reg[22]/D (FFDQRHDMX)                     0.00       2.99 f
  data arrival time                                                  2.99

  clock clk (rise edge)                                   4.00       4.00
  clock network delay (ideal)                             0.00       4.00
  clock uncertainty                                      -1.00       3.00
  u_if_stage/pc_reg[22]/CK (FFDQRHDMX)                    0.00       3.00 r
  library setup time                                     -0.13       2.87
  data required time                                                 2.87
  --------------------------------------------------------------------------
  data required time                                                 2.87
  data arrival time                                                 -2.99
  --------------------------------------------------------------------------
  slack (VIOLATED)                                                  -0.12


  Startpoint: u_id_stage/id_ex_rs2_reg[0]
              (rising edge-triggered flip-flop clocked by clk)
  Endpoint: u_if_stage/pc_reg[28]
            (rising edge-triggered flip-flop clocked by clk)
  Path Group: clk
  Path Type: max

  Des/Clust/Port     Wire Load Model       Library
  ------------------------------------------------
  regfile            reference_area_100000 smic13_tt
  pipeline_control_0 reference_area_20000  smic13_tt
  mem_stage          reference_area_20000  smic13_tt
  id_stage           reference_area_100000 smic13_tt
  cpu_core           reference_area_1000000
                                           smic13_tt
  if_stage_00000000  reference_area_20000  smic13_tt
  forwarding_unit    reference_area_20000  smic13_tt

  Point                                       Fanout      Incr       Path
  --------------------------------------------------------------------------
  clock clk (rise edge)                                   0.00       0.00
  clock network delay (ideal)                             0.00       0.00
  u_id_stage/id_ex_rs2_reg[0]/CK (FFDRHQHD3X)             0.00 #     0.00 r
  u_id_stage/id_ex_rs2_reg[0]/Q (FFDRHQHD3X)              0.14       0.14 r
  u_id_stage/id_ex_rs2[0] (net)                 3         0.00       0.14 r
  u_id_stage/id_ex_rs2[0] (id_stage)                      0.00       0.14 r
  id_ex_rs2[0] (net)                                      0.00       0.14 r
  u_ex_stage/u_forwarding_unit/ex_rs2[0] (forwarding_unit)
                                                          0.00       0.14 r
  u_ex_stage/u_forwarding_unit/ex_rs2[0] (net)            0.00       0.14 r
  u_ex_stage/u_forwarding_unit/U45/B (XNOR2HD2X)          0.00       0.14 r
  u_ex_stage/u_forwarding_unit/U45/Z (XNOR2HD2X)          0.17       0.31 f
  u_ex_stage/u_forwarding_unit/n29 (net)        1         0.00       0.31 f
  u_ex_stage/u_forwarding_unit/U47/A (AND2CLKHD3X)        0.00       0.31 f
  u_ex_stage/u_forwarding_unit/U47/Z (AND2CLKHD3X)        0.10       0.42 f
  u_ex_stage/u_forwarding_unit/n30 (net)        1         0.00       0.42 f
  u_ex_stage/u_forwarding_unit/U15/B (NAND2HD3X)          0.00       0.42 f
  u_ex_stage/u_forwarding_unit/U15/Z (NAND2HD3X)          0.04       0.46 r
  u_ex_stage/u_forwarding_unit/n31 (net)        1         0.00       0.46 r
  u_ex_stage/u_forwarding_unit/U39/B (NOR2HD3X)           0.00       0.46 r
  u_ex_stage/u_forwarding_unit/U39/Z (NOR2HD3X)           0.04       0.50 f
  u_ex_stage/u_forwarding_unit/n52 (net)        2         0.00       0.50 f
  u_ex_stage/u_forwarding_unit/U60/B (NOR2HD2X)           0.00       0.50 f
  u_ex_stage/u_forwarding_unit/U60/Z (NOR2HD2X)           0.06       0.56 r
  u_ex_stage/u_forwarding_unit/n53 (net)        1         0.00       0.56 r
  u_ex_stage/u_forwarding_unit/U40/B (AND2CLKHD4X)        0.00       0.56 r
  u_ex_stage/u_forwarding_unit/U40/Z (AND2CLKHD4X)        0.14       0.70 r
  u_ex_stage/u_forwarding_unit/forward_b[0] (net)
                                                3         0.00       0.70 r
  u_ex_stage/u_forwarding_unit/forward_b[0] (forwarding_unit)
                                                          0.00       0.70 r
  u_ex_stage/forward_b[0] (net)                           0.00       0.70 r
  U1649/A (INVHD4X)                                       0.00       0.70 r
  U1649/Z (INVHD4X)                                       0.03       0.73 f
  n2130 (net)                                   2         0.00       0.73 f
  U1648/A (NAND2HD3X)                                     0.00       0.73 f
  U1648/Z (NAND2HD3X)                                     0.06       0.79 r
  n2832 (net)                                   1         0.00       0.79 r
  U1689/A (INVHD4X)                                       0.00       0.79 r
  U1689/Z (INVHD4X)                                       0.04       0.83 f
  n2185 (net)                                   1         0.00       0.83 f
  U2565/A (INVHD8X)                                       0.00       0.83 f
  U2565/Z (INVHD8X)                                       0.06       0.89 r
  n2186 (net)                                   5         0.00       0.89 r
  U2246/A (INVCLKHD14X)                                   0.00       0.89 r
  U2246/Z (INVCLKHD14X)                                   0.07       0.96 f
  n2034 (net)                                  14         0.00       0.96 f
  U1518/B (NAND2HD2X)                                     0.00       0.96 f
  U1518/Z (NAND2HD2X)                                     0.05       1.01 r
  n2861 (net)                                   1         0.00       1.01 r
  U3060/B (AND3HD2X)                                      0.00       1.01 r
  U3060/Z (AND3HD2X)                                      0.14       1.15 r
  n2681 (net)                                   1         0.00       1.15 r
  U2291/B (NAND2HD3X)                                     0.00       1.15 r
  U2291/Z (NAND2HD3X)                                     0.08       1.23 f
  n4938 (net)                                   4         0.00       1.23 f
  U2402/A (INVHD4X)                                       0.00       1.24 f
  U2402/Z (INVHD4X)                                       0.05       1.29 r
  n3236 (net)                                   2         0.00       1.29 r
  U1451/A (BUFHD3X)                                       0.00       1.29 r
  U1451/Z (BUFHD3X)                                       0.08       1.37 r
  n1991 (net)                                   1         0.00       1.37 r
  U1788/B (NAND2HD3X)                                     0.00       1.37 r
  U1788/Z (NAND2HD3X)                                     0.03       1.40 f
  n3237 (net)                                   1         0.00       1.40 f
  U3410/B (AND2CLKHD3X)                                   0.00       1.40 f
  U3410/Z (AND2CLKHD3X)                                   0.14       1.54 f
  n3968 (net)                                   5         0.00       1.54 f
  U3026/A (XOR2CLKHD3X)                                   0.00       1.54 f
  U3026/Z (XOR2CLKHD3X)                                   0.17       1.71 r
  n3244 (net)                                   2         0.00       1.71 r
  U2969/B (NOR2HD3X)                                      0.00       1.71 r
  U2969/Z (NOR2HD3X)                                      0.05       1.76 f
  n4749 (net)                                   2         0.00       1.76 f
  U1790/B (NOR2HD3X)                                      0.00       1.76 f
  U1790/Z (NOR2HD3X)                                      0.09       1.85 r
  n3248 (net)                                   2         0.00       1.85 r
  U1789/B (NAND2HD2X)                                     0.00       1.85 r
  U1789/Z (NAND2HD2X)                                     0.04       1.89 f
  n3260 (net)                                   1         0.00       1.89 f
  U3424/A (OR2HD2X)                                       0.00       1.89 f
  U3424/Z (OR2HD2X)                                       0.14       2.03 f
  n3261 (net)                                   1         0.00       2.03 f
  U1792/B (NAND2HD3X)                                     0.00       2.03 f
  U1792/Z (NAND2HD3X)                                     0.05       2.08 r
  n3859 (net)                                   2         0.00       2.08 r
  U3429/B (AOI21HD1X)                                     0.00       2.08 r
  U3429/Z (AOI21HD1X)                                     0.07       2.16 f
  n3279 (net)                                   1         0.00       2.16 f
  U2539/A (BUFHD4X)                                       0.00       2.16 f
  U2539/Z (BUFHD4X)                                       0.11       2.26 f
  n4896 (net)                                   3         0.00       2.26 f
  U2416/A (BUFHD6X)                                       0.00       2.26 f
  U2416/Z (BUFHD6X)                                       0.11       2.38 f
  n2183 (net)                                   7         0.00       2.38 f
  U2368/A (OAI21HD1X)                                     0.00       2.38 f
  U2368/Z (OAI21HD1X)                                     0.14       2.51 r
  n2369 (net)                                   1         0.00       2.51 r
  U2947/A (XNOR2HD2X)                                     0.00       2.51 r
  U2947/Z (XNOR2HD2X)                                     0.18       2.70 f
  n3639 (net)                                   1         0.00       2.70 f
  U2364/B (NAND2HD3X)                                     0.00       2.70 f
  U2364/Z (NAND2HD3X)                                     0.06       2.75 r
  n2096 (net)                                   1         0.00       2.75 r
  U2363/B (NAND2HD3X)                                     0.00       2.75 r
  U2363/Z (NAND2HD3X)                                     0.05       2.80 f
  n4985 (net)                                   2         0.00       2.80 f
  U2413/B (NAND2HD3X)                                     0.00       2.81 f
  U2413/Z (NAND2HD3X)                                     0.05       2.86 r
  n2112 (net)                                   1         0.00       2.86 r
  U1854/A (NAND2HD2X)                                     0.00       2.86 r
  U1854/Z (NAND2HD2X)                                     0.05       2.91 f
  redirect_pc[28] (net)                         1         0.00       2.91 f
  u_if_stage/redirect_pc[28] (if_stage_00000000)          0.00       2.91 f
  u_if_stage/redirect_pc[28] (net)                        0.00       2.91 f
  u_if_stage/U189/B (NAND2HD2X)                           0.00       2.91 f
  u_if_stage/U189/Z (NAND2HD2X)                           0.05       2.96 r
  u_if_stage/n31 (net)                          1         0.00       2.96 r
  u_if_stage/U196/B (NAND2HD2X)                           0.00       2.96 r
  u_if_stage/U196/Z (NAND2HD2X)                           0.03       2.99 f
  u_if_stage/n170 (net)                         1         0.00       2.99 f
  u_if_stage/pc_reg[28]/D (FFDQRHDMX)                     0.00       2.99 f
  data arrival time                                                  2.99

  clock clk (rise edge)                                   4.00       4.00
  clock network delay (ideal)                             0.00       4.00
  clock uncertainty                                      -1.00       3.00
  u_if_stage/pc_reg[28]/CK (FFDQRHDMX)                    0.00       3.00 r
  library setup time                                     -0.13       2.87
  data required time                                                 2.87
  --------------------------------------------------------------------------
  data required time                                                 2.87
  data arrival time                                                 -2.99
  --------------------------------------------------------------------------
  slack (VIOLATED)                                                  -0.12


  Startpoint: u_id_stage/id_ex_rs2_reg[0]
              (rising edge-triggered flip-flop clocked by clk)
  Endpoint: u_if_stage/pc_reg[22]
            (rising edge-triggered flip-flop clocked by clk)
  Path Group: clk
  Path Type: max

  Des/Clust/Port     Wire Load Model       Library
  ------------------------------------------------
  regfile            reference_area_100000 smic13_tt
  pipeline_control_0 reference_area_20000  smic13_tt
  mem_stage          reference_area_20000  smic13_tt
  id_stage           reference_area_100000 smic13_tt
  cpu_core           reference_area_1000000
                                           smic13_tt
  if_stage_00000000  reference_area_20000  smic13_tt
  forwarding_unit    reference_area_20000  smic13_tt

  Point                                       Fanout      Incr       Path
  --------------------------------------------------------------------------
  clock clk (rise edge)                                   0.00       0.00
  clock network delay (ideal)                             0.00       0.00
  u_id_stage/id_ex_rs2_reg[0]/CK (FFDRHQHD3X)             0.00 #     0.00 r
  u_id_stage/id_ex_rs2_reg[0]/Q (FFDRHQHD3X)              0.14       0.14 r
  u_id_stage/id_ex_rs2[0] (net)                 3         0.00       0.14 r
  u_id_stage/id_ex_rs2[0] (id_stage)                      0.00       0.14 r
  id_ex_rs2[0] (net)                                      0.00       0.14 r
  u_ex_stage/u_forwarding_unit/ex_rs2[0] (forwarding_unit)
                                                          0.00       0.14 r
  u_ex_stage/u_forwarding_unit/ex_rs2[0] (net)            0.00       0.14 r
  u_ex_stage/u_forwarding_unit/U45/B (XNOR2HD2X)          0.00       0.14 r
  u_ex_stage/u_forwarding_unit/U45/Z (XNOR2HD2X)          0.17       0.31 f
  u_ex_stage/u_forwarding_unit/n29 (net)        1         0.00       0.31 f
  u_ex_stage/u_forwarding_unit/U47/A (AND2CLKHD3X)        0.00       0.31 f
  u_ex_stage/u_forwarding_unit/U47/Z (AND2CLKHD3X)        0.10       0.42 f
  u_ex_stage/u_forwarding_unit/n30 (net)        1         0.00       0.42 f
  u_ex_stage/u_forwarding_unit/U15/B (NAND2HD3X)          0.00       0.42 f
  u_ex_stage/u_forwarding_unit/U15/Z (NAND2HD3X)          0.04       0.46 r
  u_ex_stage/u_forwarding_unit/n31 (net)        1         0.00       0.46 r
  u_ex_stage/u_forwarding_unit/U39/B (NOR2HD3X)           0.00       0.46 r
  u_ex_stage/u_forwarding_unit/U39/Z (NOR2HD3X)           0.04       0.50 f
  u_ex_stage/u_forwarding_unit/n52 (net)        2         0.00       0.50 f
  u_ex_stage/u_forwarding_unit/U60/B (NOR2HD2X)           0.00       0.50 f
  u_ex_stage/u_forwarding_unit/U60/Z (NOR2HD2X)           0.06       0.56 r
  u_ex_stage/u_forwarding_unit/n53 (net)        1         0.00       0.56 r
  u_ex_stage/u_forwarding_unit/U40/B (AND2CLKHD4X)        0.00       0.56 r
  u_ex_stage/u_forwarding_unit/U40/Z (AND2CLKHD4X)        0.14       0.70 r
  u_ex_stage/u_forwarding_unit/forward_b[0] (net)
                                                3         0.00       0.70 r
  u_ex_stage/u_forwarding_unit/forward_b[0] (forwarding_unit)
                                                          0.00       0.70 r
  u_ex_stage/forward_b[0] (net)                           0.00       0.70 r
  U1649/A (INVHD4X)                                       0.00       0.70 r
  U1649/Z (INVHD4X)                                       0.03       0.73 f
  n2130 (net)                                   2         0.00       0.73 f
  U1648/A (NAND2HD3X)                                     0.00       0.73 f
  U1648/Z (NAND2HD3X)                                     0.06       0.79 r
  n2832 (net)                                   1         0.00       0.79 r
  U1689/A (INVHD4X)                                       0.00       0.79 r
  U1689/Z (INVHD4X)                                       0.04       0.83 f
  n2185 (net)                                   1         0.00       0.83 f
  U2565/A (INVHD8X)                                       0.00       0.83 f
  U2565/Z (INVHD8X)                                       0.06       0.89 r
  n2186 (net)                                   5         0.00       0.89 r
  U2246/A (INVCLKHD14X)                                   0.00       0.89 r
  U2246/Z (INVCLKHD14X)                                   0.07       0.96 f
  n2034 (net)                                  14         0.00       0.96 f
  U1518/B (NAND2HD2X)                                     0.00       0.96 f
  U1518/Z (NAND2HD2X)                                     0.05       1.01 r
  n2861 (net)                                   1         0.00       1.01 r
  U3060/B (AND3HD2X)                                      0.00       1.01 r
  U3060/Z (AND3HD2X)                                      0.14       1.15 r
  n2681 (net)                                   1         0.00       1.15 r
  U2291/B (NAND2HD3X)                                     0.00       1.15 r
  U2291/Z (NAND2HD3X)                                     0.08       1.23 f
  n4938 (net)                                   4         0.00       1.23 f
  U2402/A (INVHD4X)                                       0.00       1.24 f
  U2402/Z (INVHD4X)                                       0.05       1.29 r
  n3236 (net)                                   2         0.00       1.29 r
  U1451/A (BUFHD3X)                                       0.00       1.29 r
  U1451/Z (BUFHD3X)                                       0.08       1.37 r
  n1991 (net)                                   1         0.00       1.37 r
  U1788/B (NAND2HD3X)                                     0.00       1.37 r
  U1788/Z (NAND2HD3X)                                     0.03       1.40 f
  n3237 (net)                                   1         0.00       1.40 f
  U3410/B (AND2CLKHD3X)                                   0.00       1.40 f
  U3410/Z (AND2CLKHD3X)                                   0.14       1.54 f
  n3968 (net)                                   5         0.00       1.54 f
  U3026/A (XOR2CLKHD3X)                                   0.00       1.54 f
  U3026/Z (XOR2CLKHD3X)                                   0.17       1.71 r
  n3244 (net)                                   2         0.00       1.71 r
  U2969/B (NOR2HD3X)                                      0.00       1.71 r
  U2969/Z (NOR2HD3X)                                      0.05       1.76 f
  n4749 (net)                                   2         0.00       1.76 f
  U1790/B (NOR2HD3X)                                      0.00       1.76 f
  U1790/Z (NOR2HD3X)                                      0.09       1.85 r
  n3248 (net)                                   2         0.00       1.85 r
  U1789/B (NAND2HD2X)                                     0.00       1.85 r
  U1789/Z (NAND2HD2X)                                     0.04       1.89 f
  n3260 (net)                                   1         0.00       1.89 f
  U3424/A (OR2HD2X)                                       0.00       1.89 f
  U3424/Z (OR2HD2X)                                       0.14       2.03 f
  n3261 (net)                                   1         0.00       2.03 f
  U1792/B (NAND2HD3X)                                     0.00       2.03 f
  U1792/Z (NAND2HD3X)                                     0.05       2.08 r
  n3859 (net)                                   2         0.00       2.08 r
  U3429/B (AOI21HD1X)                                     0.00       2.08 r
  U3429/Z (AOI21HD1X)                                     0.07       2.16 f
  n3279 (net)                                   1         0.00       2.16 f
  U2539/A (BUFHD4X)                                       0.00       2.16 f
  U2539/Z (BUFHD4X)                                       0.11       2.26 f
  n4896 (net)                                   3         0.00       2.26 f
  U2561/A (BUFHD6X)                                       0.00       2.26 f
  U2561/Z (BUFHD6X)                                       0.11       2.38 f
  n2184 (net)                                   7         0.00       2.38 f
  U3716/B (OAI21HD1X)                                     0.00       2.38 f
  U3716/Z (OAI21HD1X)                                     0.12       2.50 r
  n3566 (net)                                   1         0.00       2.50 r
  U3718/A (XNOR2HD2X)                                     0.00       2.50 r
  U3718/Z (XNOR2HD2X)                                     0.20       2.70 f
  n4772 (net)                                   2         0.00       2.70 f
  U1675/B (OAI21HDMX)                                     0.00       2.70 f
  U1675/Z (OAI21HDMX)                                     0.15       2.84 r
  n1794 (net)                                   1         0.00       2.84 r
  U1674/B (NAND2HD2X)                                     0.00       2.84 r
  U1674/Z (NAND2HD2X)                                     0.06       2.90 f
  redirect_pc[22] (net)                         1         0.00       2.90 f
  u_if_stage/redirect_pc[22] (if_stage_00000000)          0.00       2.90 f
  u_if_stage/redirect_pc[22] (net)                        0.00       2.90 f
  u_if_stage/U185/B (NAND2HD2X)                           0.00       2.91 f
  u_if_stage/U185/Z (NAND2HD2X)                           0.05       2.96 r
  u_if_stage/n19 (net)                          1         0.00       2.96 r
  u_if_stage/U184/A (NAND2HD2X)                           0.00       2.96 r
  u_if_stage/U184/Z (NAND2HD2X)                           0.03       2.99 f
  u_if_stage/n176 (net)                         1         0.00       2.99 f
  u_if_stage/pc_reg[22]/D (FFDQRHDMX)                     0.00       2.99 f
  data arrival time                                                  2.99

  clock clk (rise edge)                                   4.00       4.00
  clock network delay (ideal)                             0.00       4.00
  clock uncertainty                                      -1.00       3.00
  u_if_stage/pc_reg[22]/CK (FFDQRHDMX)                    0.00       3.00 r
  library setup time                                     -0.13       2.87
  data required time                                                 2.87
  --------------------------------------------------------------------------
  data required time                                                 2.87
  data arrival time                                                 -2.99
  --------------------------------------------------------------------------
  slack (VIOLATED)                                                  -0.12


  Startpoint: u_ex_stage/ex_mem_rd_reg[3]
              (rising edge-triggered flip-flop clocked by clk)
  Endpoint: u_ex_stage/ex_mem_alu_result_reg[29]
            (rising edge-triggered flip-flop clocked by clk)
  Path Group: clk
  Path Type: max

  Des/Clust/Port     Wire Load Model       Library
  ------------------------------------------------
  regfile            reference_area_100000 smic13_tt
  pipeline_control_0 reference_area_20000  smic13_tt
  mem_stage          reference_area_20000  smic13_tt
  id_stage           reference_area_100000 smic13_tt
  cpu_core           reference_area_1000000
                                           smic13_tt
  if_stage_00000000  reference_area_20000  smic13_tt
  forwarding_unit    reference_area_20000  smic13_tt

  Point                                       Fanout      Incr       Path
  --------------------------------------------------------------------------
  clock clk (rise edge)                                   0.00       0.00
  clock network delay (ideal)                             0.00       0.00
  u_ex_stage/ex_mem_rd_reg[3]/CK (FFDRHQHD3X)             0.00 #     0.00 r
  u_ex_stage/ex_mem_rd_reg[3]/Q (FFDRHQHD3X)              0.15       0.15 r
  ex_mem_rd[3] (net)                            4         0.00       0.15 r
  u_ex_stage/u_forwarding_unit/mem_rd[3] (forwarding_unit)
                                                          0.00       0.15 r
  u_ex_stage/u_forwarding_unit/mem_rd[3] (net)            0.00       0.15 r
  u_ex_stage/u_forwarding_unit/U46/B (XNOR2HD2X)          0.00       0.15 r
  u_ex_stage/u_forwarding_unit/U46/Z (XNOR2HD2X)          0.17       0.32 f
  u_ex_stage/u_forwarding_unit/n28 (net)        1         0.00       0.32 f
  u_ex_stage/u_forwarding_unit/U47/B (AND2CLKHD3X)        0.00       0.32 f
  u_ex_stage/u_forwarding_unit/U47/Z (AND2CLKHD3X)        0.10       0.41 f
  u_ex_stage/u_forwarding_unit/n30 (net)        1         0.00       0.41 f
  u_ex_stage/u_forwarding_unit/U15/B (NAND2HD3X)          0.00       0.41 f
  u_ex_stage/u_forwarding_unit/U15/Z (NAND2HD3X)          0.04       0.45 r
  u_ex_stage/u_forwarding_unit/n31 (net)        1         0.00       0.45 r
  u_ex_stage/u_forwarding_unit/U39/B (NOR2HD3X)           0.00       0.45 r
  u_ex_stage/u_forwarding_unit/U39/Z (NOR2HD3X)           0.04       0.49 f
  u_ex_stage/u_forwarding_unit/n52 (net)        2         0.00       0.49 f
  u_ex_stage/u_forwarding_unit/U60/B (NOR2HD2X)           0.00       0.49 f
  u_ex_stage/u_forwarding_unit/U60/Z (NOR2HD2X)           0.06       0.55 r
  u_ex_stage/u_forwarding_unit/n53 (net)        1         0.00       0.55 r
  u_ex_stage/u_forwarding_unit/U40/B (AND2CLKHD4X)        0.00       0.55 r
  u_ex_stage/u_forwarding_unit/U40/Z (AND2CLKHD4X)        0.14       0.69 r
  u_ex_stage/u_forwarding_unit/forward_b[0] (net)
                                                3         0.00       0.69 r
  u_ex_stage/u_forwarding_unit/forward_b[0] (forwarding_unit)
                                                          0.00       0.69 r
  u_ex_stage/forward_b[0] (net)                           0.00       0.69 r
  U1649/A (INVHD4X)                                       0.00       0.69 r
  U1649/Z (INVHD4X)                                       0.03       0.73 f
  n2130 (net)                                   2         0.00       0.73 f
  U1648/A (NAND2HD3X)                                     0.00       0.73 f
  U1648/Z (NAND2HD3X)                                     0.06       0.79 r
  n2832 (net)                                   1         0.00       0.79 r
  U1689/A (INVHD4X)                                       0.00       0.79 r
  U1689/Z (INVHD4X)                                       0.04       0.82 f
  n2185 (net)                                   1         0.00       0.82 f
  U2565/A (INVHD8X)                                       0.00       0.82 f
  U2565/Z (INVHD8X)                                       0.06       0.88 r
  n2186 (net)                                   5         0.00       0.88 r
  U2307/B (NOR2B1HD2X)                                    0.00       0.88 r
  U2307/Z (NOR2B1HD2X)                                    0.03       0.92 f
  n2072 (net)                                   1         0.00       0.92 f
  U2100/A (INVHDPX)                                       0.00       0.92 f
  U2100/Z (INVHDPX)                                       0.06       0.98 r
  n2973 (net)                                   1         0.00       0.98 r
  U3296/B (AND3HD2X)                                      0.00       0.98 r
  U3296/Z (AND3HD2X)                                      0.13       1.12 r
  n2976 (net)                                   1         0.00       1.12 r
  U2183/A (NAND2HD3X)                                     0.00       1.12 r
  U2183/Z (NAND2HD3X)                                     0.05       1.16 f
  n2170 (net)                                   1         0.00       1.16 f
  U1488/A (INVHD4X)                                       0.00       1.16 f
  U1488/Z (INVHD4X)                                       0.07       1.23 r
  n2400 (net)                                   4         0.00       1.23 r
  U1456/B (OR2HDMX)                                       0.00       1.23 r
  U1456/Z (OR2HDMX)                                       0.16       1.39 r
  n2458 (net)                                   1         0.00       1.39 r
  U2575/B (NAND2HD3X)                                     0.00       1.39 r
  U2575/Z (NAND2HD3X)                                     0.09       1.48 f
  n4385 (net)                                   5         0.00       1.48 f
  U2837/A (XNOR2HD2X)                                     0.00       1.48 f
  U2837/Z (XNOR2HD2X)                                     0.19       1.67 r
  n3312 (net)                                   2         0.00       1.67 r
  U3451/B (NOR2HD2X)                                      0.00       1.67 r
  U3451/Z (NOR2HD2X)                                      0.07       1.74 f
  n4817 (net)                                   3         0.00       1.74 f
  U3452/A (NOR2HD2X)                                      0.00       1.74 f
  U3452/Z (NOR2HD2X)                                      0.14       1.88 r
  n4893 (net)                                   3         0.00       1.88 r
  U3453/B (NAND2HD1X)                                     0.00       1.88 r
  U3453/Z (NAND2HD1X)                                     0.14       2.02 f
  n4850 (net)                                   3         0.00       2.02 f
  U3454/B (NOR2HD2X)                                      0.00       2.02 f
  U3454/Z (NOR2HD2X)                                      0.09       2.11 r
  n3310 (net)                                   1         0.00       2.11 r
  U2855/A (BUFHD4X)                                       0.00       2.11 r
  U2855/Z (BUFHD4X)                                       0.13       2.24 r
  n4610 (net)                                   9         0.00       2.24 r
  U4160/B (NAND2HDUX)                                     0.00       2.24 r
  U4160/Z (NAND2HDUX)                                     0.13       2.37 f
  n4452 (net)                                   1         0.00       2.37 f
  U3047/B (OAI21HD1X)                                     0.00       2.37 f
  U3047/Z (OAI21HD1X)                                     0.15       2.52 r
  n2616 (net)                                   1         0.00       2.52 r
  U3173/A (XNOR2HD2X)                                     0.00       2.52 r
  U3173/Z (XNOR2HD2X)                                     0.18       2.70 f
  n2615 (net)                                   1         0.00       2.70 f
  U3172/B (NAND2HD2X)                                     0.00       2.70 f
  U3172/Z (NAND2HD2X)                                     0.06       2.76 r
  n2614 (net)                                   1         0.00       2.76 r
  U3171/A (NAND2HD2X)                                     0.00       2.76 r
  U3171/Z (NAND2HD2X)                                     0.06       2.82 f
  n4632 (net)                                   2         0.00       2.82 f
  U3273/A (MUX2CLKHD2X)                                   0.00       2.82 f
  U3273/Z (MUX2CLKHD2X)                                   0.16       2.98 f
  n962 (net)                                    1         0.00       2.98 f
  u_ex_stage/ex_mem_alu_result_reg[29]/D (FFDQRHD1X)      0.00       2.98 f
  data arrival time                                                  2.98

  clock clk (rise edge)                                   4.00       4.00
  clock network delay (ideal)                             0.00       4.00
  clock uncertainty                                      -1.00       3.00
  u_ex_stage/ex_mem_alu_result_reg[29]/CK (FFDQRHD1X)     0.00       3.00 r
  library setup time                                     -0.14       2.86
  data required time                                                 2.86
  --------------------------------------------------------------------------
  data required time                                                 2.86
  data arrival time                                                 -2.98
  --------------------------------------------------------------------------
  slack (VIOLATED)                                                  -0.12


  Startpoint: u_ex_stage/ex_mem_rd_reg[3]
              (rising edge-triggered flip-flop clocked by clk)
  Endpoint: u_if_stage/pc_reg[30]
            (rising edge-triggered flip-flop clocked by clk)
  Path Group: clk
  Path Type: max

  Des/Clust/Port     Wire Load Model       Library
  ------------------------------------------------
  regfile            reference_area_100000 smic13_tt
  pipeline_control_0 reference_area_20000  smic13_tt
  mem_stage          reference_area_20000  smic13_tt
  id_stage           reference_area_100000 smic13_tt
  cpu_core           reference_area_1000000
                                           smic13_tt
  if_stage_00000000  reference_area_20000  smic13_tt
  forwarding_unit    reference_area_20000  smic13_tt

  Point                                       Fanout      Incr       Path
  --------------------------------------------------------------------------
  clock clk (rise edge)                                   0.00       0.00
  clock network delay (ideal)                             0.00       0.00
  u_ex_stage/ex_mem_rd_reg[3]/CK (FFDRHQHD3X)             0.00 #     0.00 r
  u_ex_stage/ex_mem_rd_reg[3]/Q (FFDRHQHD3X)              0.15       0.15 r
  ex_mem_rd[3] (net)                            4         0.00       0.15 r
  u_ex_stage/u_forwarding_unit/mem_rd[3] (forwarding_unit)
                                                          0.00       0.15 r
  u_ex_stage/u_forwarding_unit/mem_rd[3] (net)            0.00       0.15 r
  u_ex_stage/u_forwarding_unit/U46/B (XNOR2HD2X)          0.00       0.15 r
  u_ex_stage/u_forwarding_unit/U46/Z (XNOR2HD2X)          0.17       0.32 f
  u_ex_stage/u_forwarding_unit/n28 (net)        1         0.00       0.32 f
  u_ex_stage/u_forwarding_unit/U47/B (AND2CLKHD3X)        0.00       0.32 f
  u_ex_stage/u_forwarding_unit/U47/Z (AND2CLKHD3X)        0.10       0.41 f
  u_ex_stage/u_forwarding_unit/n30 (net)        1         0.00       0.41 f
  u_ex_stage/u_forwarding_unit/U15/B (NAND2HD3X)          0.00       0.41 f
  u_ex_stage/u_forwarding_unit/U15/Z (NAND2HD3X)          0.04       0.45 r
  u_ex_stage/u_forwarding_unit/n31 (net)        1         0.00       0.45 r
  u_ex_stage/u_forwarding_unit/U39/B (NOR2HD3X)           0.00       0.45 r
  u_ex_stage/u_forwarding_unit/U39/Z (NOR2HD3X)           0.04       0.49 f
  u_ex_stage/u_forwarding_unit/n52 (net)        2         0.00       0.49 f
  u_ex_stage/u_forwarding_unit/U60/B (NOR2HD2X)           0.00       0.49 f
  u_ex_stage/u_forwarding_unit/U60/Z (NOR2HD2X)           0.06       0.55 r
  u_ex_stage/u_forwarding_unit/n53 (net)        1         0.00       0.55 r
  u_ex_stage/u_forwarding_unit/U40/B (AND2CLKHD4X)        0.00       0.55 r
  u_ex_stage/u_forwarding_unit/U40/Z (AND2CLKHD4X)        0.14       0.69 r
  u_ex_stage/u_forwarding_unit/forward_b[0] (net)
                                                3         0.00       0.69 r
  u_ex_stage/u_forwarding_unit/forward_b[0] (forwarding_unit)
                                                          0.00       0.69 r
  u_ex_stage/forward_b[0] (net)                           0.00       0.69 r
  U1649/A (INVHD4X)                                       0.00       0.69 r
  U1649/Z (INVHD4X)                                       0.03       0.73 f
  n2130 (net)                                   2         0.00       0.73 f
  U1648/A (NAND2HD3X)                                     0.00       0.73 f
  U1648/Z (NAND2HD3X)                                     0.06       0.79 r
  n2832 (net)                                   1         0.00       0.79 r
  U1689/A (INVHD4X)                                       0.00       0.79 r
  U1689/Z (INVHD4X)                                       0.04       0.82 f
  n2185 (net)                                   1         0.00       0.82 f
  U2565/A (INVHD8X)                                       0.00       0.82 f
  U2565/Z (INVHD8X)                                       0.06       0.88 r
  n2186 (net)                                   5         0.00       0.88 r
  U2307/B (NOR2B1HD2X)                                    0.00       0.88 r
  U2307/Z (NOR2B1HD2X)                                    0.03       0.92 f
  n2072 (net)                                   1         0.00       0.92 f
  U2100/A (INVHDPX)                                       0.00       0.92 f
  U2100/Z (INVHDPX)                                       0.06       0.98 r
  n2973 (net)                                   1         0.00       0.98 r
  U3296/B (AND3HD2X)                                      0.00       0.98 r
  U3296/Z (AND3HD2X)                                      0.13       1.12 r
  n2976 (net)                                   1         0.00       1.12 r
  U2183/A (NAND2HD3X)                                     0.00       1.12 r
  U2183/Z (NAND2HD3X)                                     0.05       1.16 f
  n2170 (net)                                   1         0.00       1.16 f
  U1488/A (INVHD4X)                                       0.00       1.16 f
  U1488/Z (INVHD4X)                                       0.07       1.23 r
  n2400 (net)                                   4         0.00       1.23 r
  U1456/B (OR2HDMX)                                       0.00       1.23 r
  U1456/Z (OR2HDMX)                                       0.16       1.39 r
  n2458 (net)                                   1         0.00       1.39 r
  U2575/B (NAND2HD3X)                                     0.00       1.39 r
  U2575/Z (NAND2HD3X)                                     0.09       1.48 f
  n4385 (net)                                   5         0.00       1.48 f
  U2837/A (XNOR2HD2X)                                     0.00       1.48 f
  U2837/Z (XNOR2HD2X)                                     0.19       1.67 r
  n3312 (net)                                   2         0.00       1.67 r
  U3451/B (NOR2HD2X)                                      0.00       1.67 r
  U3451/Z (NOR2HD2X)                                      0.07       1.74 f
  n4817 (net)                                   3         0.00       1.74 f
  U3452/A (NOR2HD2X)                                      0.00       1.74 f
  U3452/Z (NOR2HD2X)                                      0.14       1.88 r
  n4893 (net)                                   3         0.00       1.88 r
  U3453/B (NAND2HD1X)                                     0.00       1.88 r
  U3453/Z (NAND2HD1X)                                     0.14       2.02 f
  n4850 (net)                                   3         0.00       2.02 f
  U3454/B (NOR2HD2X)                                      0.00       2.02 f
  U3454/Z (NOR2HD2X)                                      0.09       2.11 r
  n3310 (net)                                   1         0.00       2.11 r
  U2855/A (BUFHD4X)                                       0.00       2.11 r
  U2855/Z (BUFHD4X)                                       0.13       2.24 r
  n4610 (net)                                   9         0.00       2.24 r
  U2990/B (NAND2HDLX)                                     0.00       2.24 r
  U2990/Z (NAND2HDLX)                                     0.11       2.35 f
  n3418 (net)                                   1         0.00       2.35 f
  U2177/A (OAI21HD1X)                                     0.00       2.35 f
  U2177/Z (OAI21HD1X)                                     0.16       2.52 r
  n3424 (net)                                   1         0.00       2.52 r
  U3584/A (XNOR2HD2X)                                     0.00       2.52 r
  U3584/Z (XNOR2HD2X)                                     0.18       2.70 f
  n3425 (net)                                   1         0.00       2.70 f
  U2432/B (NAND2HD3X)                                     0.00       2.70 f
  U2432/Z (NAND2HD3X)                                     0.06       2.76 r
  n3426 (net)                                   1         0.00       2.76 r
  U3062/B (NAND2HD3X)                                     0.00       2.76 r
  U3062/Z (NAND2HD3X)                                     0.05       2.81 f
  n4989 (net)                                   2         0.00       2.81 f
  U2375/B (NAND2HD3X)                                     0.00       2.81 f
  U2375/Z (NAND2HD3X)                                     0.06       2.87 r
  n2116 (net)                                   1         0.00       2.87 r
  U2178/B (NAND2HD3X)                                     0.00       2.87 r
  U2178/Z (NAND2HD3X)                                     0.04       2.91 f
  redirect_pc[30] (net)                         1         0.00       2.91 f
  u_if_stage/redirect_pc[30] (if_stage_00000000)          0.00       2.91 f
  u_if_stage/redirect_pc[30] (net)                        0.00       2.91 f
  u_if_stage/U68/B (NAND2HD2X)                            0.00       2.91 f
  u_if_stage/U68/Z (NAND2HD2X)                            0.05       2.96 r
  u_if_stage/n230 (net)                         1         0.00       2.96 r
  u_if_stage/U69/B (NAND2HD2X)                            0.00       2.96 r
  u_if_stage/U69/Z (NAND2HD2X)                            0.03       2.99 f
  u_if_stage/n168 (net)                         1         0.00       2.99 f
  u_if_stage/pc_reg[30]/D (FFDQRHDMX)                     0.00       2.99 f
  data arrival time                                                  2.99

  clock clk (rise edge)                                   4.00       4.00
  clock network delay (ideal)                             0.00       4.00
  clock uncertainty                                      -1.00       3.00
  u_if_stage/pc_reg[30]/CK (FFDQRHDMX)                    0.00       3.00 r
  library setup time                                     -0.13       2.87
  data required time                                                 2.87
  --------------------------------------------------------------------------
  data required time                                                 2.87
  data arrival time                                                 -2.99
  --------------------------------------------------------------------------
  slack (VIOLATED)                                                  -0.12


  Startpoint: u_id_stage/id_ex_rs2_reg[0]
              (rising edge-triggered flip-flop clocked by clk)
  Endpoint: u_ex_stage/ex_mem_alu_result_reg[30]
            (rising edge-triggered flip-flop clocked by clk)
  Path Group: clk
  Path Type: max

  Des/Clust/Port     Wire Load Model       Library
  ------------------------------------------------
  regfile            reference_area_100000 smic13_tt
  pipeline_control_0 reference_area_20000  smic13_tt
  mem_stage          reference_area_20000  smic13_tt
  id_stage           reference_area_100000 smic13_tt
  cpu_core           reference_area_1000000
                                           smic13_tt
  if_stage_00000000  reference_area_20000  smic13_tt
  forwarding_unit    reference_area_20000  smic13_tt

  Point                                       Fanout      Incr       Path
  --------------------------------------------------------------------------
  clock clk (rise edge)                                   0.00       0.00
  clock network delay (ideal)                             0.00       0.00
  u_id_stage/id_ex_rs2_reg[0]/CK (FFDRHQHD3X)             0.00 #     0.00 r
  u_id_stage/id_ex_rs2_reg[0]/Q (FFDRHQHD3X)              0.14       0.14 r
  u_id_stage/id_ex_rs2[0] (net)                 3         0.00       0.14 r
  u_id_stage/id_ex_rs2[0] (id_stage)                      0.00       0.14 r
  id_ex_rs2[0] (net)                                      0.00       0.14 r
  u_ex_stage/u_forwarding_unit/ex_rs2[0] (forwarding_unit)
                                                          0.00       0.14 r
  u_ex_stage/u_forwarding_unit/ex_rs2[0] (net)            0.00       0.14 r
  u_ex_stage/u_forwarding_unit/U45/B (XNOR2HD2X)          0.00       0.14 r
  u_ex_stage/u_forwarding_unit/U45/Z (XNOR2HD2X)          0.17       0.31 f
  u_ex_stage/u_forwarding_unit/n29 (net)        1         0.00       0.31 f
  u_ex_stage/u_forwarding_unit/U47/A (AND2CLKHD3X)        0.00       0.31 f
  u_ex_stage/u_forwarding_unit/U47/Z (AND2CLKHD3X)        0.10       0.42 f
  u_ex_stage/u_forwarding_unit/n30 (net)        1         0.00       0.42 f
  u_ex_stage/u_forwarding_unit/U15/B (NAND2HD3X)          0.00       0.42 f
  u_ex_stage/u_forwarding_unit/U15/Z (NAND2HD3X)          0.04       0.46 r
  u_ex_stage/u_forwarding_unit/n31 (net)        1         0.00       0.46 r
  u_ex_stage/u_forwarding_unit/U39/B (NOR2HD3X)           0.00       0.46 r
  u_ex_stage/u_forwarding_unit/U39/Z (NOR2HD3X)           0.04       0.50 f
  u_ex_stage/u_forwarding_unit/n52 (net)        2         0.00       0.50 f
  u_ex_stage/u_forwarding_unit/U60/B (NOR2HD2X)           0.00       0.50 f
  u_ex_stage/u_forwarding_unit/U60/Z (NOR2HD2X)           0.06       0.56 r
  u_ex_stage/u_forwarding_unit/n53 (net)        1         0.00       0.56 r
  u_ex_stage/u_forwarding_unit/U40/B (AND2CLKHD4X)        0.00       0.56 r
  u_ex_stage/u_forwarding_unit/U40/Z (AND2CLKHD4X)        0.14       0.70 r
  u_ex_stage/u_forwarding_unit/forward_b[0] (net)
                                                3         0.00       0.70 r
  u_ex_stage/u_forwarding_unit/forward_b[0] (forwarding_unit)
                                                          0.00       0.70 r
  u_ex_stage/forward_b[0] (net)                           0.00       0.70 r
  U1649/A (INVHD4X)                                       0.00       0.70 r
  U1649/Z (INVHD4X)                                       0.03       0.73 f
  n2130 (net)                                   2         0.00       0.73 f
  U1648/A (NAND2HD3X)                                     0.00       0.73 f
  U1648/Z (NAND2HD3X)                                     0.06       0.79 r
  n2832 (net)                                   1         0.00       0.79 r
  U1689/A (INVHD4X)                                       0.00       0.79 r
  U1689/Z (INVHD4X)                                       0.04       0.83 f
  n2185 (net)                                   1         0.00       0.83 f
  U2565/A (INVHD8X)                                       0.00       0.83 f
  U2565/Z (INVHD8X)                                       0.06       0.89 r
  n2186 (net)                                   5         0.00       0.89 r
  U2307/B (NOR2B1HD2X)                                    0.00       0.89 r
  U2307/Z (NOR2B1HD2X)                                    0.03       0.92 f
  n2072 (net)                                   1         0.00       0.92 f
  U2100/A (INVHDPX)                                       0.00       0.92 f
  U2100/Z (INVHDPX)                                       0.06       0.99 r
  n2973 (net)                                   1         0.00       0.99 r
  U3296/B (AND3HD2X)                                      0.00       0.99 r
  U3296/Z (AND3HD2X)                                      0.13       1.12 r
  n2976 (net)                                   1         0.00       1.12 r
  U2183/A (NAND2HD3X)                                     0.00       1.12 r
  U2183/Z (NAND2HD3X)                                     0.05       1.17 f
  n2170 (net)                                   1         0.00       1.17 f
  U1488/A (INVHD4X)                                       0.00       1.17 f
  U1488/Z (INVHD4X)                                       0.07       1.24 r
  n2400 (net)                                   4         0.00       1.24 r
  U1456/B (OR2HDMX)                                       0.00       1.24 r
  U1456/Z (OR2HDMX)                                       0.16       1.39 r
  n2458 (net)                                   1         0.00       1.39 r
  U2575/B (NAND2HD3X)                                     0.00       1.39 r
  U2575/Z (NAND2HD3X)                                     0.09       1.48 f
  n4385 (net)                                   5         0.00       1.48 f
  U2837/A (XNOR2HD2X)                                     0.00       1.48 f
  U2837/Z (XNOR2HD2X)                                     0.19       1.67 r
  n3312 (net)                                   2         0.00       1.67 r
  U3451/B (NOR2HD2X)                                      0.00       1.67 r
  U3451/Z (NOR2HD2X)                                      0.07       1.74 f
  n4817 (net)                                   3         0.00       1.74 f
  U3452/A (NOR2HD2X)                                      0.00       1.74 f
  U3452/Z (NOR2HD2X)                                      0.14       1.88 r
  n4893 (net)                                   3         0.00       1.88 r
  U3453/B (NAND2HD1X)                                     0.00       1.88 r
  U3453/Z (NAND2HD1X)                                     0.14       2.02 f
  n4850 (net)                                   3         0.00       2.02 f
  U3454/B (NOR2HD2X)                                      0.00       2.02 f
  U3454/Z (NOR2HD2X)                                      0.09       2.11 r
  n3310 (net)                                   1         0.00       2.11 r
  U2855/A (BUFHD4X)                                       0.00       2.11 r
  U2855/Z (BUFHD4X)                                       0.13       2.25 r
  n4610 (net)                                   9         0.00       2.25 r
  U2990/B (NAND2HDLX)                                     0.00       2.25 r
  U2990/Z (NAND2HDLX)                                     0.11       2.36 f
  n3418 (net)                                   1         0.00       2.36 f
  U2177/A (OAI21HD1X)                                     0.00       2.36 f
  U2177/Z (OAI21HD1X)                                     0.16       2.52 r
  n3424 (net)                                   1         0.00       2.52 r
  U3584/A (XNOR2HD2X)                                     0.00       2.52 r
  U3584/Z (XNOR2HD2X)                                     0.18       2.70 f
  n3425 (net)                                   1         0.00       2.70 f
  U2432/B (NAND2HD3X)                                     0.00       2.71 f
  U2432/Z (NAND2HD3X)                                     0.06       2.76 r
  n3426 (net)                                   1         0.00       2.76 r
  U3062/B (NAND2HD3X)                                     0.00       2.76 r
  U3062/Z (NAND2HD3X)                                     0.05       2.82 f
  n4989 (net)                                   2         0.00       2.82 f
  U3585/B (NAND2HD1X)                                     0.00       2.82 f
  U3585/Z (NAND2HD1X)                                     0.08       2.89 r
  n3452 (net)                                   1         0.00       2.89 r
  U3623/A (NAND3HD1X)                                     0.00       2.89 r
  U3623/Z (NAND3HD1X)                                     0.08       2.97 f
  n961 (net)                                    1         0.00       2.97 f
  u_ex_stage/ex_mem_alu_result_reg[30]/D (FFDQRHDMX)      0.00       2.97 f
  data arrival time                                                  2.97

  clock clk (rise edge)                                   4.00       4.00
  clock network delay (ideal)                             0.00       4.00
  clock uncertainty                                      -1.00       3.00
  u_ex_stage/ex_mem_alu_result_reg[30]/CK (FFDQRHDMX)     0.00       3.00 r
  library setup time                                     -0.15       2.85
  data required time                                                 2.85
  --------------------------------------------------------------------------
  data required time                                                 2.85
  data arrival time                                                 -2.97
  --------------------------------------------------------------------------
  slack (VIOLATED)                                                  -0.12


  Startpoint: u_id_stage/id_ex_rs2_reg[0]
              (rising edge-triggered flip-flop clocked by clk)
  Endpoint: u_if_stage/pc_reg[19]
            (rising edge-triggered flip-flop clocked by clk)
  Path Group: clk
  Path Type: max

  Des/Clust/Port     Wire Load Model       Library
  ------------------------------------------------
  regfile            reference_area_100000 smic13_tt
  pipeline_control_0 reference_area_20000  smic13_tt
  mem_stage          reference_area_20000  smic13_tt
  id_stage           reference_area_100000 smic13_tt
  cpu_core           reference_area_1000000
                                           smic13_tt
  if_stage_00000000  reference_area_20000  smic13_tt
  forwarding_unit    reference_area_20000  smic13_tt

  Point                                       Fanout      Incr       Path
  --------------------------------------------------------------------------
  clock clk (rise edge)                                   0.00       0.00
  clock network delay (ideal)                             0.00       0.00
  u_id_stage/id_ex_rs2_reg[0]/CK (FFDRHQHD3X)             0.00 #     0.00 r
  u_id_stage/id_ex_rs2_reg[0]/Q (FFDRHQHD3X)              0.14       0.14 r
  u_id_stage/id_ex_rs2[0] (net)                 3         0.00       0.14 r
  u_id_stage/id_ex_rs2[0] (id_stage)                      0.00       0.14 r
  id_ex_rs2[0] (net)                                      0.00       0.14 r
  u_ex_stage/u_forwarding_unit/ex_rs2[0] (forwarding_unit)
                                                          0.00       0.14 r
  u_ex_stage/u_forwarding_unit/ex_rs2[0] (net)            0.00       0.14 r
  u_ex_stage/u_forwarding_unit/U45/B (XNOR2HD2X)          0.00       0.14 r
  u_ex_stage/u_forwarding_unit/U45/Z (XNOR2HD2X)          0.17       0.31 f
  u_ex_stage/u_forwarding_unit/n29 (net)        1         0.00       0.31 f
  u_ex_stage/u_forwarding_unit/U47/A (AND2CLKHD3X)        0.00       0.31 f
  u_ex_stage/u_forwarding_unit/U47/Z (AND2CLKHD3X)        0.10       0.42 f
  u_ex_stage/u_forwarding_unit/n30 (net)        1         0.00       0.42 f
  u_ex_stage/u_forwarding_unit/U15/B (NAND2HD3X)          0.00       0.42 f
  u_ex_stage/u_forwarding_unit/U15/Z (NAND2HD3X)          0.04       0.46 r
  u_ex_stage/u_forwarding_unit/n31 (net)        1         0.00       0.46 r
  u_ex_stage/u_forwarding_unit/U39/B (NOR2HD3X)           0.00       0.46 r
  u_ex_stage/u_forwarding_unit/U39/Z (NOR2HD3X)           0.04       0.50 f
  u_ex_stage/u_forwarding_unit/n52 (net)        2         0.00       0.50 f
  u_ex_stage/u_forwarding_unit/U60/B (NOR2HD2X)           0.00       0.50 f
  u_ex_stage/u_forwarding_unit/U60/Z (NOR2HD2X)           0.06       0.56 r
  u_ex_stage/u_forwarding_unit/n53 (net)        1         0.00       0.56 r
  u_ex_stage/u_forwarding_unit/U40/B (AND2CLKHD4X)        0.00       0.56 r
  u_ex_stage/u_forwarding_unit/U40/Z (AND2CLKHD4X)        0.14       0.70 r
  u_ex_stage/u_forwarding_unit/forward_b[0] (net)
                                                3         0.00       0.70 r
  u_ex_stage/u_forwarding_unit/forward_b[0] (forwarding_unit)
                                                          0.00       0.70 r
  u_ex_stage/forward_b[0] (net)                           0.00       0.70 r
  U1591/A (XNOR2HD3X)                                     0.00       0.70 r
  U1591/Z (XNOR2HD3X)                                     0.15       0.84 r
  n2931 (net)                                   1         0.00       0.84 r
  U1724/A (INVHD4X)                                       0.00       0.84 r
  U1724/Z (INVHD4X)                                       0.03       0.88 f
  n2187 (net)                                   1         0.00       0.88 f
  U2567/A (INVHD8X)                                       0.00       0.88 f
  U2567/Z (INVHD8X)                                       0.08       0.96 r
  n2188 (net)                                  10         0.00       0.96 r
  U2823/A (INVCLKHD14X)                                   0.00       0.96 r
  U2823/Z (INVCLKHD14X)                                   0.06       1.02 f
  n3012 (net)                                   8         0.00       1.02 f
  U2143/A (INVHD2X)                                       0.00       1.02 f
  U2143/Z (INVHD2X)                                       0.05       1.07 r
  n2155 (net)                                   1         0.00       1.07 r
  U2207/B (NAND2HD3X)                                     0.00       1.07 r
  U2207/Z (NAND2HD3X)                                     0.04       1.12 f
  n2007 (net)                                   1         0.00       1.12 f
  U2189/A (NAND2HD3X)                                     0.00       1.12 f
  U2189/Z (NAND2HD3X)                                     0.11       1.23 r
  n4942 (net)                                   4         0.00       1.23 r
  U2188/A (INVHD4X)                                       0.00       1.23 r
  U2188/Z (INVHD4X)                                       0.03       1.26 f
  n2139 (net)                                   2         0.00       1.26 f
  U2153/A (BUFHD2X)                                       0.00       1.26 f
  U2153/Z (BUFHD2X)                                       0.09       1.35 f
  n1988 (net)                                   1         0.00       1.35 f
  U2454/B (NAND2HD2X)                                     0.00       1.35 f
  U2454/Z (NAND2HD2X)                                     0.04       1.39 r
  n3206 (net)                                   1         0.00       1.39 r
  U3388/B (AND2CLKHD4X)                                   0.00       1.39 r
  U3388/Z (AND2CLKHD4X)                                   0.14       1.53 r
  n4240 (net)                                   5         0.00       1.53 r
  U2066/A (XOR2CLKHD3X)                                   0.00       1.53 r
  U2066/Z (XOR2CLKHD3X)                                   0.20       1.73 f
  n3271 (net)                                   2         0.00       1.73 f
  U2180/B (NOR2HD3X)                                      0.00       1.73 f
  U2180/Z (NOR2HD3X)                                      0.14       1.87 r
  n4285 (net)                                   4         0.00       1.87 r
  U2179/B (NOR2HD3X)                                      0.00       1.87 r
  U2179/Z (NOR2HD3X)                                      0.05       1.92 f
  n3274 (net)                                   2         0.00       1.92 f
  U3427/A (AOI21HD1X)                                     0.00       1.92 f
  U3427/Z (AOI21HD1X)                                     0.13       2.06 r
  n3275 (net)                                   1         0.00       2.06 r
  U3428/C (OAI21HD1X)                                     0.00       2.06 r
  U3428/Z (OAI21HD1X)                                     0.07       2.13 f
  n3277 (net)                                   1         0.00       2.13 f
  U3429/C (AOI21HD1X)                                     0.00       2.13 f
  U3429/Z (AOI21HD1X)                                     0.13       2.26 r
  n3279 (net)                                   1         0.00       2.26 r
  U2539/A (BUFHD4X)                                       0.00       2.26 r
  U2539/Z (BUFHD4X)                                       0.10       2.35 r
  n4896 (net)                                   3         0.00       2.35 r
  U2561/A (BUFHD6X)                                       0.00       2.36 r
  U2561/Z (BUFHD6X)                                       0.11       2.46 r
  n2184 (net)                                   7         0.00       2.46 r
  U4377/B (OAI21HD1X)                                     0.00       2.46 r
  U4377/Z (OAI21HD1X)                                     0.06       2.53 f
  n4854 (net)                                   1         0.00       2.53 f
  U4379/A (XNOR2HD2X)                                     0.00       2.53 f
  U4379/Z (XNOR2HD2X)                                     0.16       2.69 f
  n4855 (net)                                   1         0.00       2.69 f
  U1658/B (NAND2HD3X)                                     0.00       2.69 f
  U1658/Z (NAND2HD3X)                                     0.06       2.74 r
  n4856 (net)                                   1         0.00       2.74 r
  U3246/B (NAND2HD3X)                                     0.00       2.74 r
  U3246/Z (NAND2HD3X)                                     0.05       2.80 f
  n4970 (net)                                   2         0.00       2.80 f
  U1660/B (NAND2HD3X)                                     0.00       2.80 f
  U1660/Z (NAND2HD3X)                                     0.06       2.85 r
  n1793 (net)                                   1         0.00       2.85 r
  U1661/B (NAND2HD3X)                                     0.00       2.85 r
  U1661/Z (NAND2HD3X)                                     0.04       2.90 f
  redirect_pc[19] (net)                         1         0.00       2.90 f
  u_if_stage/redirect_pc[19] (if_stage_00000000)          0.00       2.90 f
  u_if_stage/redirect_pc[19] (net)                        0.00       2.90 f
  u_if_stage/U116/B (NAND2HD2X)                           0.00       2.90 f
  u_if_stage/U116/Z (NAND2HD2X)                           0.04       2.94 r
  u_if_stage/n276 (net)                         1         0.00       2.94 r
  u_if_stage/U287/A (NAND2HD1X)                           0.00       2.94 r
  u_if_stage/U287/Z (NAND2HD1X)                           0.05       2.99 f
  u_if_stage/n179 (net)                         1         0.00       2.99 f
  u_if_stage/pc_reg[19]/D (FFDQRHDMX)                     0.00       2.99 f
  data arrival time                                                  2.99

  clock clk (rise edge)                                   4.00       4.00
  clock network delay (ideal)                             0.00       4.00
  clock uncertainty                                      -1.00       3.00
  u_if_stage/pc_reg[19]/CK (FFDQRHDMX)                    0.00       3.00 r
  library setup time                                     -0.13       2.87
  data required time                                                 2.87
  --------------------------------------------------------------------------
  data required time                                                 2.87
  data arrival time                                                 -2.99
  --------------------------------------------------------------------------
  slack (VIOLATED)                                                  -0.12


  Startpoint: u_id_stage/id_ex_rs2_reg[0]
              (rising edge-triggered flip-flop clocked by clk)
  Endpoint: u_if_stage/pc_reg[28]
            (rising edge-triggered flip-flop clocked by clk)
  Path Group: clk
  Path Type: max

  Des/Clust/Port     Wire Load Model       Library
  ------------------------------------------------
  regfile            reference_area_100000 smic13_tt
  pipeline_control_0 reference_area_20000  smic13_tt
  mem_stage          reference_area_20000  smic13_tt
  id_stage           reference_area_100000 smic13_tt
  cpu_core           reference_area_1000000
                                           smic13_tt
  if_stage_00000000  reference_area_20000  smic13_tt
  forwarding_unit    reference_area_20000  smic13_tt

  Point                                       Fanout      Incr       Path
  --------------------------------------------------------------------------
  clock clk (rise edge)                                   0.00       0.00
  clock network delay (ideal)                             0.00       0.00
  u_id_stage/id_ex_rs2_reg[0]/CK (FFDRHQHD3X)             0.00 #     0.00 r
  u_id_stage/id_ex_rs2_reg[0]/Q (FFDRHQHD3X)              0.14       0.14 r
  u_id_stage/id_ex_rs2[0] (net)                 3         0.00       0.14 r
  u_id_stage/id_ex_rs2[0] (id_stage)                      0.00       0.14 r
  id_ex_rs2[0] (net)                                      0.00       0.14 r
  u_ex_stage/u_forwarding_unit/ex_rs2[0] (forwarding_unit)
                                                          0.00       0.14 r
  u_ex_stage/u_forwarding_unit/ex_rs2[0] (net)            0.00       0.14 r
  u_ex_stage/u_forwarding_unit/U45/B (XNOR2HD2X)          0.00       0.14 r
  u_ex_stage/u_forwarding_unit/U45/Z (XNOR2HD2X)          0.17       0.31 f
  u_ex_stage/u_forwarding_unit/n29 (net)        1         0.00       0.31 f
  u_ex_stage/u_forwarding_unit/U47/A (AND2CLKHD3X)        0.00       0.31 f
  u_ex_stage/u_forwarding_unit/U47/Z (AND2CLKHD3X)        0.10       0.42 f
  u_ex_stage/u_forwarding_unit/n30 (net)        1         0.00       0.42 f
  u_ex_stage/u_forwarding_unit/U15/B (NAND2HD3X)          0.00       0.42 f
  u_ex_stage/u_forwarding_unit/U15/Z (NAND2HD3X)          0.04       0.46 r
  u_ex_stage/u_forwarding_unit/n31 (net)        1         0.00       0.46 r
  u_ex_stage/u_forwarding_unit/U39/B (NOR2HD3X)           0.00       0.46 r
  u_ex_stage/u_forwarding_unit/U39/Z (NOR2HD3X)           0.04       0.50 f
  u_ex_stage/u_forwarding_unit/n52 (net)        2         0.00       0.50 f
  u_ex_stage/u_forwarding_unit/U60/B (NOR2HD2X)           0.00       0.50 f
  u_ex_stage/u_forwarding_unit/U60/Z (NOR2HD2X)           0.06       0.56 r
  u_ex_stage/u_forwarding_unit/n53 (net)        1         0.00       0.56 r
  u_ex_stage/u_forwarding_unit/U40/B (AND2CLKHD4X)        0.00       0.56 r
  u_ex_stage/u_forwarding_unit/U40/Z (AND2CLKHD4X)        0.14       0.70 r
  u_ex_stage/u_forwarding_unit/forward_b[0] (net)
                                                3         0.00       0.70 r
  u_ex_stage/u_forwarding_unit/forward_b[0] (forwarding_unit)
                                                          0.00       0.70 r
  u_ex_stage/forward_b[0] (net)                           0.00       0.70 r
  U1591/A (XNOR2HD3X)                                     0.00       0.70 r
  U1591/Z (XNOR2HD3X)                                     0.18       0.88 f
  n2931 (net)                                   1         0.00       0.88 f
  U1724/A (INVHD4X)                                       0.00       0.88 f
  U1724/Z (INVHD4X)                                       0.06       0.94 r
  n2187 (net)                                   1         0.00       0.94 r
  U2567/A (INVHD8X)                                       0.00       0.94 r
  U2567/Z (INVHD8X)                                       0.06       1.00 f
  n2188 (net)                                  10         0.00       1.00 f
  U2176/B (AND2CLKHD2X)                                   0.00       1.00 f
  U2176/Z (AND2CLKHD2X)                                   0.11       1.10 f
  n2914 (net)                                   1         0.00       1.10 f
  U2939/A (INVHD2X)                                       0.00       1.10 f
  U2939/Z (INVHD2X)                                       0.05       1.15 r
  n2361 (net)                                   1         0.00       1.15 r
  U2940/A (NAND2HD3X)                                     0.00       1.15 r
  U2940/Z (NAND2HD3X)                                     0.05       1.20 f
  n2398 (net)                                   1         0.00       1.20 f
  U1489/A (INVHD4X)                                       0.00       1.20 f
  U1489/Z (INVHD4X)                                       0.07       1.27 r
  n2453 (net)                                   5         0.00       1.27 r
  U2260/B (NAND2HD1X)                                     0.00       1.27 r
  U2260/Z (NAND2HD1X)                                     0.05       1.32 f
  n2252 (net)                                   1         0.00       1.32 f
  U2842/B (AND2CLKHD2X)                                   0.00       1.32 f
  U2842/Z (AND2CLKHD2X)                                   0.13       1.46 f
  n3963 (net)                                   2         0.00       1.46 f
  U2841/A (XNOR2HD2X)                                     0.00       1.46 f
  U2841/Z (XNOR2HD2X)                                     0.17       1.63 r
  n3263 (net)                                   2         0.00       1.63 r
  U3380/B (NOR2HD3X)                                      0.00       1.63 r
  U3380/Z (NOR2HD3X)                                      0.06       1.69 f
  n4193 (net)                                   3         0.00       1.69 f
  U3075/B (NOR2HD3X)                                      0.00       1.69 f
  U3075/Z (NOR2HD3X)                                      0.08       1.77 r
  n2470 (net)                                   1         0.00       1.77 r
  U1575/A (INVCLKHD3X)                                    0.00       1.77 r
  U1575/Z (INVCLKHD3X)                                    0.04       1.81 f
  n3265 (net)                                   1         0.00       1.81 f
  U1579/B (NAND2HD3X)                                     0.00       1.81 f
  U1579/Z (NAND2HD3X)                                     0.05       1.85 r
  n4364 (net)                                   2         0.00       1.85 r
  U2691/B (AOI21HD1X)                                     0.00       1.85 r
  U2691/Z (AOI21HD1X)                                     0.10       1.95 f
  n4220 (net)                                   2         0.00       1.95 f
  U3428/B (OAI21HD1X)                                     0.00       1.95 f
  U3428/Z (OAI21HD1X)                                     0.13       2.09 r
  n3277 (net)                                   1         0.00       2.09 r
  U3429/C (AOI21HD1X)                                     0.00       2.09 r
  U3429/Z (AOI21HD1X)                                     0.07       2.15 f
  n3279 (net)                                   1         0.00       2.15 f
  U2539/A (BUFHD4X)                                       0.00       2.15 f
  U2539/Z (BUFHD4X)                                       0.11       2.26 f
  n4896 (net)                                   3         0.00       2.26 f
  U2416/A (BUFHD6X)                                       0.00       2.26 f
  U2416/Z (BUFHD6X)                                       0.11       2.37 f
  n2183 (net)                                   7         0.00       2.37 f
  U2368/A (OAI21HD1X)                                     0.00       2.37 f
  U2368/Z (OAI21HD1X)                                     0.14       2.51 r
  n2369 (net)                                   1         0.00       2.51 r
  U2947/A (XNOR2HD2X)                                     0.00       2.51 r
  U2947/Z (XNOR2HD2X)                                     0.18       2.69 f
  n3639 (net)                                   1         0.00       2.69 f
  U2364/B (NAND2HD3X)                                     0.00       2.69 f
  U2364/Z (NAND2HD3X)                                     0.06       2.75 r
  n2096 (net)                                   1         0.00       2.75 r
  U2363/B (NAND2HD3X)                                     0.00       2.75 r
  U2363/Z (NAND2HD3X)                                     0.05       2.80 f
  n4985 (net)                                   2         0.00       2.80 f
  U2413/B (NAND2HD3X)                                     0.00       2.80 f
  U2413/Z (NAND2HD3X)                                     0.05       2.86 r
  n2112 (net)                                   1         0.00       2.86 r
  U1854/A (NAND2HD2X)                                     0.00       2.86 r
  U1854/Z (NAND2HD2X)                                     0.05       2.91 f
  redirect_pc[28] (net)                         1         0.00       2.91 f
  u_if_stage/redirect_pc[28] (if_stage_00000000)          0.00       2.91 f
  u_if_stage/redirect_pc[28] (net)                        0.00       2.91 f
  u_if_stage/U189/B (NAND2HD2X)                           0.00       2.91 f
  u_if_stage/U189/Z (NAND2HD2X)                           0.05       2.96 r
  u_if_stage/n31 (net)                          1         0.00       2.96 r
  u_if_stage/U196/B (NAND2HD2X)                           0.00       2.96 r
  u_if_stage/U196/Z (NAND2HD2X)                           0.03       2.99 f
  u_if_stage/n170 (net)                         1         0.00       2.99 f
  u_if_stage/pc_reg[28]/D (FFDQRHDMX)                     0.00       2.99 f
  data arrival time                                                  2.99

  clock clk (rise edge)                                   4.00       4.00
  clock network delay (ideal)                             0.00       4.00
  clock uncertainty                                      -1.00       3.00
  u_if_stage/pc_reg[28]/CK (FFDQRHDMX)                    0.00       3.00 r
  library setup time                                     -0.13       2.87
  data required time                                                 2.87
  --------------------------------------------------------------------------
  data required time                                                 2.87
  data arrival time                                                 -2.99
  --------------------------------------------------------------------------
  slack (VIOLATED)                                                  -0.12


1
