 
****************************************
Report : timing
        -path full
        -delay max
        -nworst 2
        -input_pins
        -nets
        -max_paths 20
Design : cpu_core
Version: O-2018.06-SP1
Date   : Wed Oct  7 19:29:12 2026
****************************************

 # A fanout number of 1000 was used for high fanout net computations.

Operating Conditions: TYPICAL   Library: smic13_tt
Wire Load Model Mode: segmented

  Startpoint: u_ex_stage/ex_mem_rd_reg[3]
              (rising edge-triggered flip-flop clocked by clk)
  Endpoint: u_if_stage/pc_reg[31]
            (rising edge-triggered flip-flop clocked by clk)
  Path Group: clk
  Path Type: max

  Des/Clust/Port     Wire Load Model       Library
  ------------------------------------------------
  regfile            reference_area_100000 smic13_tt
  pipeline_control_0 reference_area_20000  smic13_tt
  mem_stage          reference_area_20000  smic13_tt
  id_stage           reference_area_100000 smic13_tt
  cpu_core           reference_area_1000000
                                           smic13_tt
  if_stage_00000000  reference_area_20000  smic13_tt
  forwarding_unit    reference_area_20000  smic13_tt

  Point                                       Fanout      Incr       Path
  --------------------------------------------------------------------------
  clock clk (rise edge)                                   0.00       0.00
  clock network delay (ideal)                             0.00       0.00
  u_ex_stage/ex_mem_rd_reg[3]/CK (FFDQRHD1X)              0.00 #     0.00 r
  u_ex_stage/ex_mem_rd_reg[3]/Q (FFDQRHD1X)               0.30       0.30 r
  ex_mem_rd[3] (net)                            4         0.00       0.30 r
  u_ex_stage/u_forwarding_unit/mem_rd[3] (forwarding_unit)
                                                          0.00       0.30 r
  u_ex_stage/u_forwarding_unit/mem_rd[3] (net)            0.00       0.30 r
  u_ex_stage/u_forwarding_unit/U7/A (INVHDPX)             0.00       0.30 r
  u_ex_stage/u_forwarding_unit/U7/Z (INVHDPX)             0.10       0.40 f
  u_ex_stage/u_forwarding_unit/n28 (net)        4         0.00       0.40 f
  u_ex_stage/u_forwarding_unit/U30/A (OAI22HDLX)          0.00       0.40 f
  u_ex_stage/u_forwarding_unit/U30/Z (OAI22HDLX)          0.25       0.65 r
  u_ex_stage/u_forwarding_unit/n26 (net)        1         0.00       0.65 r
  u_ex_stage/u_forwarding_unit/U50/E (AOI221HDLX)         0.00       0.65 r
  u_ex_stage/u_forwarding_unit/U50/Z (AOI221HDLX)         0.10       0.75 f
  u_ex_stage/u_forwarding_unit/n29 (net)        1         0.00       0.75 f
  u_ex_stage/u_forwarding_unit/U12/C (OAI21HDLX)          0.00       0.75 f
  u_ex_stage/u_forwarding_unit/U12/Z (OAI21HDLX)          0.15       0.90 r
  u_ex_stage/u_forwarding_unit/n30 (net)        1         0.00       0.90 r
  u_ex_stage/u_forwarding_unit/U51/D (AOI211HDLX)         0.00       0.90 r
  u_ex_stage/u_forwarding_unit/U51/Z (AOI211HDLX)         0.09       0.99 f
  u_ex_stage/u_forwarding_unit/n33 (net)        1         0.00       0.99 f
  u_ex_stage/u_forwarding_unit/U5/C (OAI21HDMX)           0.00       0.99 f
  u_ex_stage/u_forwarding_unit/U5/Z (OAI21HDMX)           0.12       1.11 r
  u_ex_stage/u_forwarding_unit/n34 (net)        1         0.00       1.11 r
  u_ex_stage/u_forwarding_unit/U4/D (AOI211HDLX)          0.00       1.11 r
  u_ex_stage/u_forwarding_unit/U4/Z (AOI211HDLX)          0.12       1.23 f
  u_ex_stage/u_forwarding_unit/n51 (net)        2         0.00       1.23 f
  u_ex_stage/u_forwarding_unit/U24/AN (NOR2B1HD1X)        0.00       1.23 f
  u_ex_stage/u_forwarding_unit/U24/Z (NOR2B1HD1X)         0.22       1.45 f
  u_ex_stage/u_forwarding_unit/forward_b[1] (net)
                                                2         0.00       1.45 f
  u_ex_stage/u_forwarding_unit/forward_b[1] (forwarding_unit)
                                                          0.00       1.45 f
  u_ex_stage/forward_b[1] (net)                           0.00       1.45 f
  U1345/A (INVHDMX)                                       0.00       1.45 f
  U1345/Z (INVHDMX)                                       0.12       1.57 r
  n1167 (net)                                   1         0.00       1.57 r
  U1689/B (NAND2HD1X)                                     0.00       1.57 r
  U1689/Z (NAND2HD1X)                                     0.07       1.63 f
  n1168 (net)                                   1         0.00       1.63 f
  U1343/A (BUFHD3X)                                       0.00       1.63 f
  U1343/Z (BUFHD3X)                                       0.17       1.80 f
  n1414 (net)                                  12         0.00       1.80 f
  U2169/A (INVHD1X)                                       0.00       1.80 f
  U2169/Z (INVHD1X)                                       0.69       2.50 r
  n1482 (net)                                  22         0.00       2.50 r
  U1332/B (AOI21HDLX)                                     0.00       2.50 r
  U1332/Z (AOI21HDLX)                                     0.14       2.63 f
  n1473 (net)                                   1         0.00       2.63 f
  U1291/B (NAND2HDUX)                                     0.00       2.63 f
  U1291/Z (NAND2HDUX)                                     0.79       3.42 r
  n2979 (net)                                   6         0.00       3.42 r
  U2077/A (INVHDLX)                                       0.00       3.42 r
  U2077/Z (INVHDLX)                                       0.17       3.59 f
  n1650 (net)                                   2         0.00       3.59 f
  U2363/A (NAND2HDUX)                                     0.00       3.59 f
  U2363/Z (NAND2HDUX)                                     0.37       3.95 r
  n1649 (net)                                   2         0.00       3.95 r
  U2365/B (NAND2HDUX)                                     0.00       3.95 r
  U2365/Z (NAND2HDUX)                                     0.15       4.11 f
  n1651 (net)                                   1         0.00       4.11 f
  U2366/B (OAI22HDMX)                                     0.00       4.11 f
  U2366/Z (OAI22HDMX)                                     0.27       4.38 r
  n1653 (net)                                   1         0.00       4.38 r
  U2367/A (NAND2HDUX)                                     0.00       4.38 r
  U2367/Z (NAND2HDUX)                                     0.14       4.51 f
  n1654 (net)                                   1         0.00       4.51 f
  U2368/E (OAI221HDLX)                                    0.00       4.51 f
  U2368/Z (OAI221HDLX)                                    0.22       4.73 r
  n1659 (net)                                   1         0.00       4.73 r
  U1262/C (NAND3HDLX)                                     0.00       4.73 r
  U1262/Z (NAND3HDLX)                                     0.17       4.90 f
  n1664 (net)                                   1         0.00       4.90 f
  U2369/B (NAND4HDMX)                                     0.00       4.90 f
  U2369/Z (NAND4HDMX)                                     0.16       5.07 r
  n1666 (net)                                   1         0.00       5.07 r
  U2370/F (OAI222HDLX)                                    0.00       5.07 r
  U2370/Z (OAI222HDLX)                                    0.25       5.31 f
  n1689 (net)                                   2         0.00       5.31 f
  U2379/B (NAND2HDUX)                                     0.00       5.31 f
  U2379/Z (NAND2HDUX)                                     0.26       5.58 r
  n1691 (net)                                   1         0.00       5.58 r
  U2380/E (OAI221HDLX)                                    0.00       5.58 r
  U2380/Z (OAI221HDLX)                                    0.17       5.75 f
  n1714 (net)                                   1         0.00       5.75 f
  U2386/A (OAI21HDMX)                                     0.00       5.75 f
  U2386/Z (OAI21HDMX)                                     0.16       5.91 r
  n1715 (net)                                   1         0.00       5.91 r
  U1370/B (NAND2HD1X)                                     0.00       5.91 r
  U1370/Z (NAND2HD1X)                                     0.07       5.98 f
  n1716 (net)                                   1         0.00       5.98 f
  U2387/D (NAND4HDMX)                                     0.00       5.98 f
  U2387/Z (NAND4HDMX)                                     0.11       6.10 r
  n1719 (net)                                   1         0.00       6.10 r
  U1367/B (NAND2HD1X)                                     0.00       6.10 r
  U1367/Z (NAND2HD1X)                                     0.07       6.16 f
  n1721 (net)                                   1         0.00       6.16 f
  U1363/B (NAND2HD1X)                                     0.00       6.16 f
  U1363/Z (NAND2HD1X)                                     0.14       6.31 r
  n956 (net)                                    3         0.00       6.31 r
  U2070/A (BUFHD2X)                                       0.00       6.31 r
  U2070/Z (BUFHD2X)                                       0.67       6.97 r
  n3135 (net)                                  44         0.00       6.97 r
  u_if_stage/redirect_valid_BAR (if_stage_00000000)       0.00       6.97 r
  u_if_stage/redirect_valid (net)                         0.00       6.97 r
  u_if_stage/U115/A (INVHD1X)                             0.00       6.98 r
  u_if_stage/U115/Z (INVHD1X)                             0.86       7.84 f
  u_if_stage/n245 (net)                        50         0.00       7.84 f
  u_if_stage/U191/C (AOI21B2HDLX)                         0.00       7.84 f
  u_if_stage/U191/Z (AOI21B2HDLX)                         0.45       8.29 r
  u_if_stage/n240 (net)                         2         0.00       8.29 r
  u_if_stage/U66/C (AOI21HDLX)                            0.00       8.29 r
  u_if_stage/U66/Z (AOI21HDLX)                            0.14       8.43 f
  u_if_stage/n243 (net)                         2         0.00       8.43 f
  u_if_stage/U198/C (OAI21HDUX)                           0.00       8.43 f
  u_if_stage/U198/Z (OAI21HDUX)                           0.20       8.63 r
  u_if_stage/n246 (net)                         1         0.00       8.63 r
  u_if_stage/U199/B (AOI22HD1X)                           0.00       8.63 r
  u_if_stage/U199/Z (AOI22HD1X)                           0.12       8.75 f
  u_if_stage/n247 (net)                         1         0.00       8.75 f
  u_if_stage/U200/D (OAI31HDMX)                           0.00       8.75 f
  u_if_stage/U200/Z (OAI31HDMX)                           0.15       8.90 r
  u_if_stage/n167 (net)                         1         0.00       8.90 r
  u_if_stage/pc_reg[31]/D (FFDQRHDMX)                     0.00       8.90 r
  data arrival time                                                  8.90

  clock clk (rise edge)                                  10.00      10.00
  clock network delay (ideal)                             0.00      10.00
  clock uncertainty                                      -1.00       9.00
  u_if_stage/pc_reg[31]/CK (FFDQRHDMX)                    0.00       9.00 r
  library setup time                                     -0.10       8.90
  data required time                                                 8.90
  --------------------------------------------------------------------------
  data required time                                                 8.90
  data arrival time                                                 -8.90
  --------------------------------------------------------------------------
  slack (MET)                                                        0.00


  Startpoint: u_ex_stage/ex_mem_rd_reg[3]
              (rising edge-triggered flip-flop clocked by clk)
  Endpoint: u_if_stage/pc_reg[31]
            (rising edge-triggered flip-flop clocked by clk)
  Path Group: clk
  Path Type: max

  Des/Clust/Port     Wire Load Model       Library
  ------------------------------------------------
  regfile            reference_area_100000 smic13_tt
  pipeline_control_0 reference_area_20000  smic13_tt
  mem_stage          reference_area_20000  smic13_tt
  id_stage           reference_area_100000 smic13_tt
  cpu_core           reference_area_1000000
                                           smic13_tt
  if_stage_00000000  reference_area_20000  smic13_tt
  forwarding_unit    reference_area_20000  smic13_tt

  Point                                       Fanout      Incr       Path
  --------------------------------------------------------------------------
  clock clk (rise edge)                                   0.00       0.00
  clock network delay (ideal)                             0.00       0.00
  u_ex_stage/ex_mem_rd_reg[3]/CK (FFDQRHD1X)              0.00 #     0.00 r
  u_ex_stage/ex_mem_rd_reg[3]/Q (FFDQRHD1X)               0.30       0.30 r
  ex_mem_rd[3] (net)                            4         0.00       0.30 r
  u_ex_stage/u_forwarding_unit/mem_rd[3] (forwarding_unit)
                                                          0.00       0.30 r
  u_ex_stage/u_forwarding_unit/mem_rd[3] (net)            0.00       0.30 r
  u_ex_stage/u_forwarding_unit/U7/A (INVHDPX)             0.00       0.30 r
  u_ex_stage/u_forwarding_unit/U7/Z (INVHDPX)             0.10       0.40 f
  u_ex_stage/u_forwarding_unit/n28 (net)        4         0.00       0.40 f
  u_ex_stage/u_forwarding_unit/U30/A (OAI22HDLX)          0.00       0.40 f
  u_ex_stage/u_forwarding_unit/U30/Z (OAI22HDLX)          0.25       0.65 r
  u_ex_stage/u_forwarding_unit/n26 (net)        1         0.00       0.65 r
  u_ex_stage/u_forwarding_unit/U50/E (AOI221HDLX)         0.00       0.65 r
  u_ex_stage/u_forwarding_unit/U50/Z (AOI221HDLX)         0.10       0.75 f
  u_ex_stage/u_forwarding_unit/n29 (net)        1         0.00       0.75 f
  u_ex_stage/u_forwarding_unit/U12/C (OAI21HDLX)          0.00       0.75 f
  u_ex_stage/u_forwarding_unit/U12/Z (OAI21HDLX)          0.15       0.90 r
  u_ex_stage/u_forwarding_unit/n30 (net)        1         0.00       0.90 r
  u_ex_stage/u_forwarding_unit/U51/D (AOI211HDLX)         0.00       0.90 r
  u_ex_stage/u_forwarding_unit/U51/Z (AOI211HDLX)         0.09       0.99 f
  u_ex_stage/u_forwarding_unit/n33 (net)        1         0.00       0.99 f
  u_ex_stage/u_forwarding_unit/U5/C (OAI21HDMX)           0.00       0.99 f
  u_ex_stage/u_forwarding_unit/U5/Z (OAI21HDMX)           0.12       1.11 r
  u_ex_stage/u_forwarding_unit/n34 (net)        1         0.00       1.11 r
  u_ex_stage/u_forwarding_unit/U4/D (AOI211HDLX)          0.00       1.11 r
  u_ex_stage/u_forwarding_unit/U4/Z (AOI211HDLX)          0.12       1.23 f
  u_ex_stage/u_forwarding_unit/n51 (net)        2         0.00       1.23 f
  u_ex_stage/u_forwarding_unit/U24/AN (NOR2B1HD1X)        0.00       1.23 f
  u_ex_stage/u_forwarding_unit/U24/Z (NOR2B1HD1X)         0.22       1.45 f
  u_ex_stage/u_forwarding_unit/forward_b[1] (net)
                                                2         0.00       1.45 f
  u_ex_stage/u_forwarding_unit/forward_b[1] (forwarding_unit)
                                                          0.00       1.45 f
  u_ex_stage/forward_b[1] (net)                           0.00       1.45 f
  U1345/A (INVHDMX)                                       0.00       1.45 f
  U1345/Z (INVHDMX)                                       0.12       1.57 r
  n1167 (net)                                   1         0.00       1.57 r
  U1689/B (NAND2HD1X)                                     0.00       1.57 r
  U1689/Z (NAND2HD1X)                                     0.07       1.63 f
  n1168 (net)                                   1         0.00       1.63 f
  U1343/A (BUFHD3X)                                       0.00       1.63 f
  U1343/Z (BUFHD3X)                                       0.17       1.80 f
  n1414 (net)                                  12         0.00       1.80 f
  U2169/A (INVHD1X)                                       0.00       1.80 f
  U2169/Z (INVHD1X)                                       0.69       2.50 r
  n1482 (net)                                  22         0.00       2.50 r
  U1332/B (AOI21HDLX)                                     0.00       2.50 r
  U1332/Z (AOI21HDLX)                                     0.14       2.63 f
  n1473 (net)                                   1         0.00       2.63 f
  U1291/B (NAND2HDUX)                                     0.00       2.63 f
  U1291/Z (NAND2HDUX)                                     0.79       3.42 r
  n2979 (net)                                   6         0.00       3.42 r
  U2077/A (INVHDLX)                                       0.00       3.42 r
  U2077/Z (INVHDLX)                                       0.17       3.59 f
  n1650 (net)                                   2         0.00       3.59 f
  U2363/A (NAND2HDUX)                                     0.00       3.59 f
  U2363/Z (NAND2HDUX)                                     0.37       3.95 r
  n1649 (net)                                   2         0.00       3.95 r
  U2365/B (NAND2HDUX)                                     0.00       3.95 r
  U2365/Z (NAND2HDUX)                                     0.15       4.11 f
  n1651 (net)                                   1         0.00       4.11 f
  U2366/B (OAI22HDMX)                                     0.00       4.11 f
  U2366/Z (OAI22HDMX)                                     0.27       4.38 r
  n1653 (net)                                   1         0.00       4.38 r
  U2367/A (NAND2HDUX)                                     0.00       4.38 r
  U2367/Z (NAND2HDUX)                                     0.14       4.51 f
  n1654 (net)                                   1         0.00       4.51 f
  U2368/E (OAI221HDLX)                                    0.00       4.51 f
  U2368/Z (OAI221HDLX)                                    0.22       4.73 r
  n1659 (net)                                   1         0.00       4.73 r
  U1262/C (NAND3HDLX)                                     0.00       4.73 r
  U1262/Z (NAND3HDLX)                                     0.17       4.90 f
  n1664 (net)                                   1         0.00       4.90 f
  U2369/B (NAND4HDMX)                                     0.00       4.90 f
  U2369/Z (NAND4HDMX)                                     0.16       5.07 r
  n1666 (net)                                   1         0.00       5.07 r
  U2370/F (OAI222HDLX)                                    0.00       5.07 r
  U2370/Z (OAI222HDLX)                                    0.25       5.31 f
  n1689 (net)                                   2         0.00       5.31 f
  U2379/B (NAND2HDUX)                                     0.00       5.31 f
  U2379/Z (NAND2HDUX)                                     0.26       5.58 r
  n1691 (net)                                   1         0.00       5.58 r
  U2380/E (OAI221HDLX)                                    0.00       5.58 r
  U2380/Z (OAI221HDLX)                                    0.17       5.75 f
  n1714 (net)                                   1         0.00       5.75 f
  U2386/A (OAI21HDMX)                                     0.00       5.75 f
  U2386/Z (OAI21HDMX)                                     0.16       5.91 r
  n1715 (net)                                   1         0.00       5.91 r
  U1370/B (NAND2HD1X)                                     0.00       5.91 r
  U1370/Z (NAND2HD1X)                                     0.07       5.98 f
  n1716 (net)                                   1         0.00       5.98 f
  U2387/D (NAND4HDMX)                                     0.00       5.98 f
  U2387/Z (NAND4HDMX)                                     0.11       6.10 r
  n1719 (net)                                   1         0.00       6.10 r
  U1367/B (NAND2HD1X)                                     0.00       6.10 r
  U1367/Z (NAND2HD1X)                                     0.07       6.16 f
  n1721 (net)                                   1         0.00       6.16 f
  U1363/B (NAND2HD1X)                                     0.00       6.16 f
  U1363/Z (NAND2HD1X)                                     0.14       6.31 r
  n956 (net)                                    3         0.00       6.31 r
  U2070/A (BUFHD2X)                                       0.00       6.31 r
  U2070/Z (BUFHD2X)                                       0.67       6.97 r
  n3135 (net)                                  44         0.00       6.97 r
  u_if_stage/redirect_valid_BAR (if_stage_00000000)       0.00       6.97 r
  u_if_stage/redirect_valid (net)                         0.00       6.97 r
  u_if_stage/U115/A (INVHD1X)                             0.00       6.98 r
  u_if_stage/U115/Z (INVHD1X)                             0.86       7.84 f
  u_if_stage/n245 (net)                        50         0.00       7.84 f
  u_if_stage/U191/C (AOI21B2HDLX)                         0.00       7.84 f
  u_if_stage/U191/Z (AOI21B2HDLX)                         0.45       8.29 r
  u_if_stage/n240 (net)                         2         0.00       8.29 r
  u_if_stage/U66/C (AOI21HDLX)                            0.00       8.29 r
  u_if_stage/U66/Z (AOI21HDLX)                            0.14       8.43 f
  u_if_stage/n243 (net)                         2         0.00       8.43 f
  u_if_stage/U198/C (OAI21HDUX)                           0.00       8.43 f
  u_if_stage/U198/Z (OAI21HDUX)                           0.20       8.63 r
  u_if_stage/n246 (net)                         1         0.00       8.63 r
  u_if_stage/U199/B (AOI22HD1X)                           0.00       8.63 r
  u_if_stage/U199/Z (AOI22HD1X)                           0.12       8.75 f
  u_if_stage/n247 (net)                         1         0.00       8.75 f
  u_if_stage/U200/D (OAI31HDMX)                           0.00       8.75 f
  u_if_stage/U200/Z (OAI31HDMX)                           0.15       8.90 r
  u_if_stage/n167 (net)                         1         0.00       8.90 r
  u_if_stage/pc_reg[31]/D (FFDQRHDMX)                     0.00       8.90 r
  data arrival time                                                  8.90

  clock clk (rise edge)                                  10.00      10.00
  clock network delay (ideal)                             0.00      10.00
  clock uncertainty                                      -1.00       9.00
  u_if_stage/pc_reg[31]/CK (FFDQRHDMX)                    0.00       9.00 r
  library setup time                                     -0.10       8.90
  data required time                                                 8.90
  --------------------------------------------------------------------------
  data required time                                                 8.90
  data arrival time                                                 -8.90
  --------------------------------------------------------------------------
  slack (MET)                                                        0.00


  Startpoint: u_id_stage/id_ex_pc_reg[2]
              (rising edge-triggered flip-flop clocked by clk)
  Endpoint: u_ex_stage/ex_mem_pc4_reg[30]
            (rising edge-triggered flip-flop clocked by clk)
  Path Group: clk
  Path Type: max

  Des/Clust/Port     Wire Load Model       Library
  ------------------------------------------------
  regfile            reference_area_100000 smic13_tt
  pipeline_control_0 reference_area_20000  smic13_tt
  mem_stage          reference_area_20000  smic13_tt
  id_stage           reference_area_100000 smic13_tt
  cpu_core           reference_area_1000000
                                           smic13_tt
  if_stage_00000000  reference_area_20000  smic13_tt

  Point                                       Fanout      Incr       Path
  --------------------------------------------------------------------------
  clock clk (rise edge)                                   0.00       0.00
  clock network delay (ideal)                             0.00       0.00
  u_id_stage/id_ex_pc_reg[2]/CK (FFDQRHDMX)               0.00 #     0.00 r
  u_id_stage/id_ex_pc_reg[2]/Q (FFDQRHDMX)                0.48       0.48 r
  u_id_stage/id_ex_pc[2] (net)                  5         0.00       0.48 r
  u_id_stage/id_ex_pc[2] (id_stage)                       0.00       0.48 r
  id_ex_pc[2] (net)                                       0.00       0.48 r
  U2127/A (NAND2HDUX)                                     0.00       0.48 r
  U2127/Z (NAND2HDUX)                                     0.31       0.79 f
  n2990 (net)                                   3         0.00       0.79 f
  U2110/B (NOR2HDUX)                                      0.00       0.79 f
  U2110/Z (NOR2HDUX)                                      0.68       1.47 r
  n3113 (net)                                   3         0.00       1.47 r
  U1985/B (NAND2HDUX)                                     0.00       1.47 r
  U1985/Z (NAND2HDUX)                                     0.38       1.86 f
  n3095 (net)                                   3         0.00       1.86 f
  U2009/B (NOR2HDUX)                                      0.00       1.86 f
  U2009/Z (NOR2HDUX)                                      0.77       2.63 r
  n3099 (net)                                   3         0.00       2.63 r
  U1577/B (NAND2HD1X)                                     0.00       2.63 r
  U1577/Z (NAND2HD1X)                                     0.19       2.82 f
  n3080 (net)                                   3         0.00       2.82 f
  U1576/B (NOR2HD1X)                                      0.00       2.82 f
  U1576/Z (NOR2HD1X)                                      0.26       3.08 r
  n3084 (net)                                   3         0.00       3.08 r
  U1987/B (NAND2HDUX)                                     0.00       3.08 r
  U1987/Z (NAND2HDUX)                                     0.32       3.40 f
  n3105 (net)                                   3         0.00       3.40 f
  U2128/B (NOR2HD1X)                                      0.00       3.40 f
  U2128/Z (NOR2HD1X)                                      0.32       3.73 r
  n3109 (net)                                   3         0.00       3.73 r
  U1242/B (NAND2HD2X)                                     0.00       3.73 r
  U1242/Z (NAND2HD2X)                                     0.12       3.85 f
  n3119 (net)                                   3         0.00       3.85 f
  U1621/B (NOR2HD3X)                                      0.00       3.85 f
  U1621/Z (NOR2HD3X)                                      0.12       3.97 r
  n3123 (net)                                   3         0.00       3.97 r
  U1623/B (NAND2HD2X)                                     0.00       3.97 r
  U1623/Z (NAND2HD2X)                                     0.09       4.06 f
  n3100 (net)                                   3         0.00       4.06 f
  U1622/B (NOR2HD3X)                                      0.00       4.06 f
  U1622/Z (NOR2HD3X)                                      0.11       4.17 r
  n3104 (net)                                   3         0.00       4.17 r
  U2129/B (NAND2HD1X)                                     0.00       4.17 r
  U2129/Z (NAND2HD1X)                                     0.12       4.29 f
  n3060 (net)                                   3         0.00       4.29 f
  U2130/B (NOR2HD1X)                                      0.00       4.29 f
  U2130/Z (NOR2HD1X)                                      0.24       4.52 r
  n3064 (net)                                   3         0.00       4.52 r
  U2131/B (NAND2HD1X)                                     0.00       4.52 r
  U2131/Z (NAND2HD1X)                                     0.14       4.67 f
  n3085 (net)                                   3         0.00       4.67 f
  U2011/B (NOR2HDUX)                                      0.00       4.67 f
  U2011/Z (NOR2HDUX)                                      0.59       5.26 r
  n3089 (net)                                   3         0.00       5.26 r
  U2012/B (NAND2HDUX)                                     0.00       5.26 r
  U2012/Z (NAND2HDUX)                                     0.40       5.66 f
  n3090 (net)                                   3         0.00       5.66 f
  U2132/B (NOR2HD1X)                                      0.00       5.66 f
  U2132/Z (NOR2HD1X)                                      0.33       5.99 r
  n3094 (net)                                   3         0.00       5.99 r
  U2133/B (NAND2HD1X)                                     0.00       5.99 r
  U2133/Z (NAND2HD1X)                                     0.16       6.15 f
  n3114 (net)                                   3         0.00       6.15 f
  U2134/B (NOR2HD1X)                                      0.00       6.15 f
  U2134/Z (NOR2HD1X)                                      0.26       6.41 r
  n3118 (net)                                   3         0.00       6.41 r
  U1235/B (NAND2HD2X)                                     0.00       6.41 r
  U1235/Z (NAND2HD2X)                                     0.12       6.53 f
  n3065 (net)                                   3         0.00       6.53 f
  U1620/B (NOR2HD3X)                                      0.00       6.53 f
  U1620/Z (NOR2HD3X)                                      0.11       6.64 r
  n3069 (net)                                   3         0.00       6.64 r
  U2135/B (NAND2HD1X)                                     0.00       6.64 r
  U2135/Z (NAND2HD1X)                                     0.12       6.76 f
  n3070 (net)                                   3         0.00       6.76 f
  U2136/B (NOR2HD1X)                                      0.00       6.76 f
  U2136/Z (NOR2HD1X)                                      0.22       6.98 r
  n3074 (net)                                   3         0.00       6.98 r
  U2137/B (NAND2HDUX)                                     0.00       6.98 r
  U2137/Z (NAND2HDUX)                                     0.29       7.28 f
  n3075 (net)                                   3         0.00       7.28 f
  U2138/B (NOR2HDUX)                                      0.00       7.28 f
  U2138/Z (NOR2HDUX)                                      0.67       7.95 r
  n3079 (net)                                   3         0.00       7.95 r
  U2139/B (NAND2HDUX)                                     0.00       7.95 r
  U2139/Z (NAND2HDUX)                                     0.39       8.34 f
  n1878 (net)                                   3         0.00       8.34 f
  U2140/D (OAI211HDLX)                                    0.00       8.34 f
  U2140/Z (OAI211HDLX)                                    0.31       8.65 r
  n1156 (net)                                   1         0.00       8.65 r
  U2141/C (OAI21HDUX)                                     0.00       8.65 r
  U2141/Z (OAI21HDUX)                                     0.15       8.80 f
  n1055 (net)                                   1         0.00       8.80 f
  u_ex_stage/ex_mem_pc4_reg[30]/D (FFDQRHDMX)             0.00       8.80 f
  data arrival time                                                  8.80

  clock clk (rise edge)                                  10.00      10.00
  clock network delay (ideal)                             0.00      10.00
  clock uncertainty                                      -1.00       9.00
  u_ex_stage/ex_mem_pc4_reg[30]/CK (FFDQRHDMX)            0.00       9.00 r
  library setup time                                     -0.19       8.81
  data required time                                                 8.81
  --------------------------------------------------------------------------
  data required time                                                 8.81
  data arrival time                                                 -8.80
  --------------------------------------------------------------------------
  slack (MET)                                                        0.00


  Startpoint: u_id_stage/id_ex_pc_reg[2]
              (rising edge-triggered flip-flop clocked by clk)
  Endpoint: u_ex_stage/ex_mem_pc4_reg[30]
            (rising edge-triggered flip-flop clocked by clk)
  Path Group: clk
  Path Type: max

  Des/Clust/Port     Wire Load Model       Library
  ------------------------------------------------
  regfile            reference_area_100000 smic13_tt
  pipeline_control_0 reference_area_20000  smic13_tt
  mem_stage          reference_area_20000  smic13_tt
  id_stage           reference_area_100000 smic13_tt
  cpu_core           reference_area_1000000
                                           smic13_tt
  if_stage_00000000  reference_area_20000  smic13_tt

  Point                                       Fanout      Incr       Path
  --------------------------------------------------------------------------
  clock clk (rise edge)                                   0.00       0.00
  clock network delay (ideal)                             0.00       0.00
  u_id_stage/id_ex_pc_reg[2]/CK (FFDQRHDMX)               0.00 #     0.00 r
  u_id_stage/id_ex_pc_reg[2]/Q (FFDQRHDMX)                0.48       0.48 r
  u_id_stage/id_ex_pc[2] (net)                  5         0.00       0.48 r
  u_id_stage/id_ex_pc[2] (id_stage)                       0.00       0.48 r
  id_ex_pc[2] (net)                                       0.00       0.48 r
  U2127/A (NAND2HDUX)                                     0.00       0.48 r
  U2127/Z (NAND2HDUX)                                     0.31       0.79 f
  n2990 (net)                                   3         0.00       0.79 f
  U2110/B (NOR2HDUX)                                      0.00       0.79 f
  U2110/Z (NOR2HDUX)                                      0.68       1.47 r
  n3113 (net)                                   3         0.00       1.47 r
  U1985/B (NAND2HDUX)                                     0.00       1.47 r
  U1985/Z (NAND2HDUX)                                     0.38       1.86 f
  n3095 (net)                                   3         0.00       1.86 f
  U2009/B (NOR2HDUX)                                      0.00       1.86 f
  U2009/Z (NOR2HDUX)                                      0.77       2.63 r
  n3099 (net)                                   3         0.00       2.63 r
  U1577/B (NAND2HD1X)                                     0.00       2.63 r
  U1577/Z (NAND2HD1X)                                     0.19       2.82 f
  n3080 (net)                                   3         0.00       2.82 f
  U1576/B (NOR2HD1X)                                      0.00       2.82 f
  U1576/Z (NOR2HD1X)                                      0.26       3.08 r
  n3084 (net)                                   3         0.00       3.08 r
  U1987/B (NAND2HDUX)                                     0.00       3.08 r
  U1987/Z (NAND2HDUX)                                     0.32       3.40 f
  n3105 (net)                                   3         0.00       3.40 f
  U2128/B (NOR2HD1X)                                      0.00       3.40 f
  U2128/Z (NOR2HD1X)                                      0.32       3.73 r
  n3109 (net)                                   3         0.00       3.73 r
  U1242/B (NAND2HD2X)                                     0.00       3.73 r
  U1242/Z (NAND2HD2X)                                     0.12       3.85 f
  n3119 (net)                                   3         0.00       3.85 f
  U1621/B (NOR2HD3X)                                      0.00       3.85 f
  U1621/Z (NOR2HD3X)                                      0.12       3.97 r
  n3123 (net)                                   3         0.00       3.97 r
  U1623/B (NAND2HD2X)                                     0.00       3.97 r
  U1623/Z (NAND2HD2X)                                     0.09       4.06 f
  n3100 (net)                                   3         0.00       4.06 f
  U1622/B (NOR2HD3X)                                      0.00       4.06 f
  U1622/Z (NOR2HD3X)                                      0.11       4.17 r
  n3104 (net)                                   3         0.00       4.17 r
  U2129/B (NAND2HD1X)                                     0.00       4.17 r
  U2129/Z (NAND2HD1X)                                     0.12       4.29 f
  n3060 (net)                                   3         0.00       4.29 f
  U2130/B (NOR2HD1X)                                      0.00       4.29 f
  U2130/Z (NOR2HD1X)                                      0.24       4.52 r
  n3064 (net)                                   3         0.00       4.52 r
  U2131/B (NAND2HD1X)                                     0.00       4.52 r
  U2131/Z (NAND2HD1X)                                     0.14       4.67 f
  n3085 (net)                                   3         0.00       4.67 f
  U2011/B (NOR2HDUX)                                      0.00       4.67 f
  U2011/Z (NOR2HDUX)                                      0.59       5.26 r
  n3089 (net)                                   3         0.00       5.26 r
  U2012/B (NAND2HDUX)                                     0.00       5.26 r
  U2012/Z (NAND2HDUX)                                     0.40       5.66 f
  n3090 (net)                                   3         0.00       5.66 f
  U2132/B (NOR2HD1X)                                      0.00       5.66 f
  U2132/Z (NOR2HD1X)                                      0.33       5.99 r
  n3094 (net)                                   3         0.00       5.99 r
  U2133/B (NAND2HD1X)                                     0.00       5.99 r
  U2133/Z (NAND2HD1X)                                     0.16       6.15 f
  n3114 (net)                                   3         0.00       6.15 f
  U2134/B (NOR2HD1X)                                      0.00       6.15 f
  U2134/Z (NOR2HD1X)                                      0.26       6.41 r
  n3118 (net)                                   3         0.00       6.41 r
  U1235/B (NAND2HD2X)                                     0.00       6.41 r
  U1235/Z (NAND2HD2X)                                     0.12       6.53 f
  n3065 (net)                                   3         0.00       6.53 f
  U1620/B (NOR2HD3X)                                      0.00       6.53 f
  U1620/Z (NOR2HD3X)                                      0.11       6.64 r
  n3069 (net)                                   3         0.00       6.64 r
  U2135/B (NAND2HD1X)                                     0.00       6.64 r
  U2135/Z (NAND2HD1X)                                     0.12       6.76 f
  n3070 (net)                                   3         0.00       6.76 f
  U2136/B (NOR2HD1X)                                      0.00       6.76 f
  U2136/Z (NOR2HD1X)                                      0.22       6.98 r
  n3074 (net)                                   3         0.00       6.98 r
  U2137/B (NAND2HDUX)                                     0.00       6.98 r
  U2137/Z (NAND2HDUX)                                     0.29       7.28 f
  n3075 (net)                                   3         0.00       7.28 f
  U2138/B (NOR2HDUX)                                      0.00       7.28 f
  U2138/Z (NOR2HDUX)                                      0.67       7.95 r
  n3079 (net)                                   3         0.00       7.95 r
  U2139/B (NAND2HDUX)                                     0.00       7.95 r
  U2139/Z (NAND2HDUX)                                     0.39       8.34 f
  n1878 (net)                                   3         0.00       8.34 f
  U2140/D (OAI211HDLX)                                    0.00       8.34 f
  U2140/Z (OAI211HDLX)                                    0.31       8.65 r
  n1156 (net)                                   1         0.00       8.65 r
  U2141/C (OAI21HDUX)                                     0.00       8.65 r
  U2141/Z (OAI21HDUX)                                     0.15       8.80 f
  n1055 (net)                                   1         0.00       8.80 f
  u_ex_stage/ex_mem_pc4_reg[30]/D (FFDQRHDMX)             0.00       8.80 f
  data arrival time                                                  8.80

  clock clk (rise edge)                                  10.00      10.00
  clock network delay (ideal)                             0.00      10.00
  clock uncertainty                                      -1.00       9.00
  u_ex_stage/ex_mem_pc4_reg[30]/CK (FFDQRHDMX)            0.00       9.00 r
  library setup time                                     -0.19       8.81
  data required time                                                 8.81
  --------------------------------------------------------------------------
  data required time                                                 8.81
  data arrival time                                                 -8.80
  --------------------------------------------------------------------------
  slack (MET)                                                        0.00


  Startpoint: u_ex_stage/ex_mem_rd_reg[1]
              (rising edge-triggered flip-flop clocked by clk)
  Endpoint: u_if_stage/pc_reg[9]
            (rising edge-triggered flip-flop clocked by clk)
  Path Group: clk
  Path Type: max

  Des/Clust/Port     Wire Load Model       Library
  ------------------------------------------------
  regfile            reference_area_100000 smic13_tt
  pipeline_control_0 reference_area_20000  smic13_tt
  mem_stage          reference_area_20000  smic13_tt
  id_stage           reference_area_100000 smic13_tt
  cpu_core           reference_area_1000000
                                           smic13_tt
  if_stage_00000000  reference_area_20000  smic13_tt
  forwarding_unit    reference_area_20000  smic13_tt

  Point                                       Fanout      Incr       Path
  --------------------------------------------------------------------------
  clock clk (rise edge)                                   0.00       0.00
  clock network delay (ideal)                             0.00       0.00
  u_ex_stage/ex_mem_rd_reg[1]/CK (FFDQRHD1X)              0.00 #     0.00 r
  u_ex_stage/ex_mem_rd_reg[1]/Q (FFDQRHD1X)               0.27       0.27 f
  ex_mem_rd[1] (net)                            4         0.00       0.27 f
  u_ex_stage/u_forwarding_unit/mem_rd[1] (forwarding_unit)
                                                          0.00       0.27 f
  u_ex_stage/u_forwarding_unit/mem_rd[1] (net)            0.00       0.27 f
  u_ex_stage/u_forwarding_unit/U19/A (INVHDMX)            0.00       0.27 f
  u_ex_stage/u_forwarding_unit/U19/Z (INVHDMX)            0.22       0.50 r
  u_ex_stage/u_forwarding_unit/n36 (net)        4         0.00       0.50 r
  u_ex_stage/u_forwarding_unit/U45/C (OAI22HDMX)          0.00       0.50 r
  u_ex_stage/u_forwarding_unit/U45/Z (OAI22HDMX)          0.12       0.62 f
  u_ex_stage/u_forwarding_unit/n16 (net)        1         0.00       0.62 f
  u_ex_stage/u_forwarding_unit/U46/E (AOI221HDLX)         0.00       0.62 f
  u_ex_stage/u_forwarding_unit/U46/Z (AOI221HDLX)         0.14       0.76 r
  u_ex_stage/u_forwarding_unit/n17 (net)        1         0.00       0.76 r
  u_ex_stage/u_forwarding_unit/U13/C (OAI21HDLX)          0.00       0.76 r
  u_ex_stage/u_forwarding_unit/U13/Z (OAI21HDLX)          0.12       0.87 f
  u_ex_stage/u_forwarding_unit/n18 (net)        1         0.00       0.87 f
  u_ex_stage/u_forwarding_unit/U47/D (AOI211HDLX)         0.00       0.87 f
  u_ex_stage/u_forwarding_unit/U47/Z (AOI211HDLX)         0.12       1.00 r
  u_ex_stage/u_forwarding_unit/n20 (net)        1         0.00       1.00 r
  u_ex_stage/u_forwarding_unit/U48/B (NAND2HDUX)          0.00       1.00 r
  u_ex_stage/u_forwarding_unit/U48/Z (NAND2HDUX)          0.17       1.17 f
  u_ex_stage/u_forwarding_unit/n53 (net)        2         0.00       1.17 f
  u_ex_stage/u_forwarding_unit/U10/A (NOR2HDMX)           0.00       1.17 f
  u_ex_stage/u_forwarding_unit/U10/Z (NOR2HDMX)           0.26       1.43 r
  u_ex_stage/u_forwarding_unit/forward_a[1] (net)
                                                2         0.00       1.43 r
  u_ex_stage/u_forwarding_unit/forward_a[1] (forwarding_unit)
                                                          0.00       1.43 r
  u_ex_stage/forward_a[1] (net)                           0.00       1.43 r
  U1265/A (INVHDUX)                                       0.00       1.43 r
  U1265/Z (INVHDUX)                                       0.11       1.53 f
  n1175 (net)                                   1         0.00       1.53 f
  U2163/B (AND2HD1X)                                      0.00       1.53 f
  U2163/Z (AND2HD1X)                                      0.26       1.80 f
  n1188 (net)                                   7         0.00       1.80 f
  U1342/B (NOR2HD2X)                                      0.00       1.80 f
  U1342/Z (NOR2HD2X)                                      0.30       2.10 r
  n1431 (net)                                   9         0.00       2.10 r
  U2173/A (BUFHD3X)                                       0.00       2.10 r
  U2173/Z (BUFHD3X)                                       0.31       2.41 r
  n1491 (net)                                  24         0.00       2.41 r
  U2259/B (NAND2HDUX)                                     0.00       2.41 r
  U2259/Z (NAND2HDUX)                                     0.14       2.55 f
  n1440 (net)                                   1         0.00       2.55 f
  U1274/B (NAND2HDUX)                                     0.00       2.55 f
  U1274/Z (NAND2HDUX)                                     1.12       3.66 r
  n1754 (net)                                   9         0.00       3.66 r
  U2437/B (NAND2HDUX)                                     0.00       3.66 r
  U2437/Z (NAND2HDUX)                                     0.11       3.78 f
  n1755 (net)                                   1         0.00       3.78 f
  U1284/B (NAND2HDUX)                                     0.00       3.78 f
  U1284/Z (NAND2HDUX)                                     1.17       4.95 r
  n2950 (net)                                   9         0.00       4.95 r
  U1843/A (INVHDLX)                                       0.00       4.95 r
  U1843/Z (INVHDLX)                                       0.36       5.31 f
  n1942 (net)                                   4         0.00       5.31 f
  U1314/A (OAI22HDMX)                                     0.00       5.31 f
  U1314/Z (OAI22HDMX)                                     0.41       5.72 r
  n1787 (net)                                   2         0.00       5.72 r
  U1750/B (NOR2HDUX)                                      0.00       5.72 r
  U1750/Z (NOR2HDUX)                                      0.34       6.06 f
  n2223 (net)                                   4         0.00       6.06 f
  U1280/C (AOI21HDUX)                                     0.00       6.06 f
  U1280/Z (AOI21HDUX)                                     1.02       7.08 r
  n2883 (net)                                   5         0.00       7.08 r
  U1426/A (INVHDLX)                                       0.00       7.08 r
  U1426/Z (INVHDLX)                                       0.16       7.25 f
  n2571 (net)                                   2         0.00       7.25 f
  U1310/B (OAI21HDLX)                                     0.00       7.25 f
  U1310/Z (OAI21HDLX)                                     0.24       7.49 r
  n2208 (net)                                   1         0.00       7.49 r
  U2886/B (NAND2HDUX)                                     0.00       7.49 r
  U2886/Z (NAND2HDUX)                                     0.22       7.71 f
  n2747 (net)                                   2         0.00       7.71 f
  U2887/B (NOR2HDUX)                                      0.00       7.71 f
  U2887/Z (NOR2HDUX)                                      0.32       8.02 r
  n2237 (net)                                   1         0.00       8.02 r
  U2906/C (AOI211HDLX)                                    0.00       8.02 r
  U2906/Z (AOI211HDLX)                                    0.19       8.21 f
  n3015 (net)                                   2         0.00       8.21 f
  U3266/A (NOR2HDUX)                                      0.00       8.21 f
  U3266/Z (NOR2HDUX)                                      0.39       8.61 r
  redirect_pc[9] (net)                          1         0.00       8.61 r
  u_if_stage/redirect_pc[9] (if_stage_00000000)           0.00       8.61 r
  u_if_stage/redirect_pc[9] (net)                         0.00       8.61 r
  u_if_stage/U51/C (AOI22HDLX)                            0.00       8.61 r
  u_if_stage/U51/Z (AOI22HDLX)                            0.10       8.71 f
  u_if_stage/n46 (net)                          1         0.00       8.71 f
  u_if_stage/U21/C (OAI21HDLX)                            0.00       8.71 f
  u_if_stage/U21/Z (OAI21HDLX)                            0.17       8.88 r
  u_if_stage/n189 (net)                         1         0.00       8.88 r
  u_if_stage/pc_reg[9]/D (FFDQRHDMX)                      0.00       8.88 r
  data arrival time                                                  8.88

  clock clk (rise edge)                                  10.00      10.00
  clock network delay (ideal)                             0.00      10.00
  clock uncertainty                                      -1.00       9.00
  u_if_stage/pc_reg[9]/CK (FFDQRHDMX)                     0.00       9.00 r
  library setup time                                     -0.10       8.90
  data required time                                                 8.90
  --------------------------------------------------------------------------
  data required time                                                 8.90
  data arrival time                                                 -8.88
  --------------------------------------------------------------------------
  slack (MET)                                                        0.02


  Startpoint: u_ex_stage/ex_mem_rd_reg[1]
              (rising edge-triggered flip-flop clocked by clk)
  Endpoint: u_if_stage/pc_reg[9]
            (rising edge-triggered flip-flop clocked by clk)
  Path Group: clk
  Path Type: max

  Des/Clust/Port     Wire Load Model       Library
  ------------------------------------------------
  regfile            reference_area_100000 smic13_tt
  pipeline_control_0 reference_area_20000  smic13_tt
  mem_stage          reference_area_20000  smic13_tt
  id_stage           reference_area_100000 smic13_tt
  cpu_core           reference_area_1000000
                                           smic13_tt
  if_stage_00000000  reference_area_20000  smic13_tt
  forwarding_unit    reference_area_20000  smic13_tt

  Point                                       Fanout      Incr       Path
  --------------------------------------------------------------------------
  clock clk (rise edge)                                   0.00       0.00
  clock network delay (ideal)                             0.00       0.00
  u_ex_stage/ex_mem_rd_reg[1]/CK (FFDQRHD1X)              0.00 #     0.00 r
  u_ex_stage/ex_mem_rd_reg[1]/Q (FFDQRHD1X)               0.27       0.27 f
  ex_mem_rd[1] (net)                            4         0.00       0.27 f
  u_ex_stage/u_forwarding_unit/mem_rd[1] (forwarding_unit)
                                                          0.00       0.27 f
  u_ex_stage/u_forwarding_unit/mem_rd[1] (net)            0.00       0.27 f
  u_ex_stage/u_forwarding_unit/U19/A (INVHDMX)            0.00       0.27 f
  u_ex_stage/u_forwarding_unit/U19/Z (INVHDMX)            0.22       0.50 r
  u_ex_stage/u_forwarding_unit/n36 (net)        4         0.00       0.50 r
  u_ex_stage/u_forwarding_unit/U45/C (OAI22HDMX)          0.00       0.50 r
  u_ex_stage/u_forwarding_unit/U45/Z (OAI22HDMX)          0.12       0.62 f
  u_ex_stage/u_forwarding_unit/n16 (net)        1         0.00       0.62 f
  u_ex_stage/u_forwarding_unit/U46/E (AOI221HDLX)         0.00       0.62 f
  u_ex_stage/u_forwarding_unit/U46/Z (AOI221HDLX)         0.14       0.76 r
  u_ex_stage/u_forwarding_unit/n17 (net)        1         0.00       0.76 r
  u_ex_stage/u_forwarding_unit/U13/C (OAI21HDLX)          0.00       0.76 r
  u_ex_stage/u_forwarding_unit/U13/Z (OAI21HDLX)          0.12       0.87 f
  u_ex_stage/u_forwarding_unit/n18 (net)        1         0.00       0.87 f
  u_ex_stage/u_forwarding_unit/U47/D (AOI211HDLX)         0.00       0.87 f
  u_ex_stage/u_forwarding_unit/U47/Z (AOI211HDLX)         0.12       1.00 r
  u_ex_stage/u_forwarding_unit/n20 (net)        1         0.00       1.00 r
  u_ex_stage/u_forwarding_unit/U48/B (NAND2HDUX)          0.00       1.00 r
  u_ex_stage/u_forwarding_unit/U48/Z (NAND2HDUX)          0.17       1.17 f
  u_ex_stage/u_forwarding_unit/n53 (net)        2         0.00       1.17 f
  u_ex_stage/u_forwarding_unit/U10/A (NOR2HDMX)           0.00       1.17 f
  u_ex_stage/u_forwarding_unit/U10/Z (NOR2HDMX)           0.26       1.43 r
  u_ex_stage/u_forwarding_unit/forward_a[1] (net)
                                                2         0.00       1.43 r
  u_ex_stage/u_forwarding_unit/forward_a[1] (forwarding_unit)
                                                          0.00       1.43 r
  u_ex_stage/forward_a[1] (net)                           0.00       1.43 r
  U1265/A (INVHDUX)                                       0.00       1.43 r
  U1265/Z (INVHDUX)                                       0.11       1.53 f
  n1175 (net)                                   1         0.00       1.53 f
  U2163/B (AND2HD1X)                                      0.00       1.53 f
  U2163/Z (AND2HD1X)                                      0.26       1.80 f
  n1188 (net)                                   7         0.00       1.80 f
  U1342/B (NOR2HD2X)                                      0.00       1.80 f
  U1342/Z (NOR2HD2X)                                      0.30       2.10 r
  n1431 (net)                                   9         0.00       2.10 r
  U2173/A (BUFHD3X)                                       0.00       2.10 r
  U2173/Z (BUFHD3X)                                       0.31       2.41 r
  n1491 (net)                                  24         0.00       2.41 r
  U2259/B (NAND2HDUX)                                     0.00       2.41 r
  U2259/Z (NAND2HDUX)                                     0.14       2.55 f
  n1440 (net)                                   1         0.00       2.55 f
  U1274/B (NAND2HDUX)                                     0.00       2.55 f
  U1274/Z (NAND2HDUX)                                     1.12       3.66 r
  n1754 (net)                                   9         0.00       3.66 r
  U2437/B (NAND2HDUX)                                     0.00       3.66 r
  U2437/Z (NAND2HDUX)                                     0.11       3.78 f
  n1755 (net)                                   1         0.00       3.78 f
  U1284/B (NAND2HDUX)                                     0.00       3.78 f
  U1284/Z (NAND2HDUX)                                     1.17       4.95 r
  n2950 (net)                                   9         0.00       4.95 r
  U1843/A (INVHDLX)                                       0.00       4.95 r
  U1843/Z (INVHDLX)                                       0.36       5.31 f
  n1942 (net)                                   4         0.00       5.31 f
  U1314/A (OAI22HDMX)                                     0.00       5.31 f
  U1314/Z (OAI22HDMX)                                     0.41       5.72 r
  n1787 (net)                                   2         0.00       5.72 r
  U1750/B (NOR2HDUX)                                      0.00       5.72 r
  U1750/Z (NOR2HDUX)                                      0.34       6.06 f
  n2223 (net)                                   4         0.00       6.06 f
  U1280/C (AOI21HDUX)                                     0.00       6.06 f
  U1280/Z (AOI21HDUX)                                     1.02       7.08 r
  n2883 (net)                                   5         0.00       7.08 r
  U1426/A (INVHDLX)                                       0.00       7.08 r
  U1426/Z (INVHDLX)                                       0.16       7.25 f
  n2571 (net)                                   2         0.00       7.25 f
  U1310/B (OAI21HDLX)                                     0.00       7.25 f
  U1310/Z (OAI21HDLX)                                     0.24       7.49 r
  n2208 (net)                                   1         0.00       7.49 r
  U2886/B (NAND2HDUX)                                     0.00       7.49 r
  U2886/Z (NAND2HDUX)                                     0.22       7.71 f
  n2747 (net)                                   2         0.00       7.71 f
  U2887/B (NOR2HDUX)                                      0.00       7.71 f
  U2887/Z (NOR2HDUX)                                      0.32       8.02 r
  n2237 (net)                                   1         0.00       8.02 r
  U2906/C (AOI211HDLX)                                    0.00       8.02 r
  U2906/Z (AOI211HDLX)                                    0.19       8.21 f
  n3015 (net)                                   2         0.00       8.21 f
  U3266/A (NOR2HDUX)                                      0.00       8.21 f
  U3266/Z (NOR2HDUX)                                      0.39       8.61 r
  redirect_pc[9] (net)                          1         0.00       8.61 r
  u_if_stage/redirect_pc[9] (if_stage_00000000)           0.00       8.61 r
  u_if_stage/redirect_pc[9] (net)                         0.00       8.61 r
  u_if_stage/U51/C (AOI22HDLX)                            0.00       8.61 r
  u_if_stage/U51/Z (AOI22HDLX)                            0.10       8.71 f
  u_if_stage/n46 (net)                          1         0.00       8.71 f
  u_if_stage/U21/C (OAI21HDLX)                            0.00       8.71 f
  u_if_stage/U21/Z (OAI21HDLX)                            0.17       8.88 r
  u_if_stage/n189 (net)                         1         0.00       8.88 r
  u_if_stage/pc_reg[9]/D (FFDQRHDMX)                      0.00       8.88 r
  data arrival time                                                  8.88

  clock clk (rise edge)                                  10.00      10.00
  clock network delay (ideal)                             0.00      10.00
  clock uncertainty                                      -1.00       9.00
  u_if_stage/pc_reg[9]/CK (FFDQRHDMX)                     0.00       9.00 r
  library setup time                                     -0.10       8.90
  data required time                                                 8.90
  --------------------------------------------------------------------------
  data required time                                                 8.90
  data arrival time                                                 -8.88
  --------------------------------------------------------------------------
  slack (MET)                                                        0.02


  Startpoint: u_id_stage/id_ex_pc_reg[2]
              (rising edge-triggered flip-flop clocked by clk)
  Endpoint: u_ex_stage/ex_mem_pc4_reg[31]
            (rising edge-triggered flip-flop clocked by clk)
  Path Group: clk
  Path Type: max

  Des/Clust/Port     Wire Load Model       Library
  ------------------------------------------------
  regfile            reference_area_100000 smic13_tt
  pipeline_control_0 reference_area_20000  smic13_tt
  mem_stage          reference_area_20000  smic13_tt
  id_stage           reference_area_100000 smic13_tt
  cpu_core           reference_area_1000000
                                           smic13_tt
  if_stage_00000000  reference_area_20000  smic13_tt

  Point                                       Fanout      Incr       Path
  --------------------------------------------------------------------------
  clock clk (rise edge)                                   0.00       0.00
  clock network delay (ideal)                             0.00       0.00
  u_id_stage/id_ex_pc_reg[2]/CK (FFDQRHDMX)               0.00 #     0.00 r
  u_id_stage/id_ex_pc_reg[2]/Q (FFDQRHDMX)                0.48       0.48 r
  u_id_stage/id_ex_pc[2] (net)                  5         0.00       0.48 r
  u_id_stage/id_ex_pc[2] (id_stage)                       0.00       0.48 r
  id_ex_pc[2] (net)                                       0.00       0.48 r
  U2127/A (NAND2HDUX)                                     0.00       0.48 r
  U2127/Z (NAND2HDUX)                                     0.31       0.79 f
  n2990 (net)                                   3         0.00       0.79 f
  U2110/B (NOR2HDUX)                                      0.00       0.79 f
  U2110/Z (NOR2HDUX)                                      0.68       1.47 r
  n3113 (net)                                   3         0.00       1.47 r
  U1985/B (NAND2HDUX)                                     0.00       1.47 r
  U1985/Z (NAND2HDUX)                                     0.38       1.86 f
  n3095 (net)                                   3         0.00       1.86 f
  U2009/B (NOR2HDUX)                                      0.00       1.86 f
  U2009/Z (NOR2HDUX)                                      0.77       2.63 r
  n3099 (net)                                   3         0.00       2.63 r
  U1577/B (NAND2HD1X)                                     0.00       2.63 r
  U1577/Z (NAND2HD1X)                                     0.19       2.82 f
  n3080 (net)                                   3         0.00       2.82 f
  U1576/B (NOR2HD1X)                                      0.00       2.82 f
  U1576/Z (NOR2HD1X)                                      0.26       3.08 r
  n3084 (net)                                   3         0.00       3.08 r
  U1987/B (NAND2HDUX)                                     0.00       3.08 r
  U1987/Z (NAND2HDUX)                                     0.32       3.40 f
  n3105 (net)                                   3         0.00       3.40 f
  U2128/B (NOR2HD1X)                                      0.00       3.40 f
  U2128/Z (NOR2HD1X)                                      0.32       3.73 r
  n3109 (net)                                   3         0.00       3.73 r
  U1242/B (NAND2HD2X)                                     0.00       3.73 r
  U1242/Z (NAND2HD2X)                                     0.12       3.85 f
  n3119 (net)                                   3         0.00       3.85 f
  U1621/B (NOR2HD3X)                                      0.00       3.85 f
  U1621/Z (NOR2HD3X)                                      0.12       3.97 r
  n3123 (net)                                   3         0.00       3.97 r
  U1623/B (NAND2HD2X)                                     0.00       3.97 r
  U1623/Z (NAND2HD2X)                                     0.09       4.06 f
  n3100 (net)                                   3         0.00       4.06 f
  U1622/B (NOR2HD3X)                                      0.00       4.06 f
  U1622/Z (NOR2HD3X)                                      0.11       4.17 r
  n3104 (net)                                   3         0.00       4.17 r
  U2129/B (NAND2HD1X)                                     0.00       4.17 r
  U2129/Z (NAND2HD1X)                                     0.12       4.29 f
  n3060 (net)                                   3         0.00       4.29 f
  U2130/B (NOR2HD1X)                                      0.00       4.29 f
  U2130/Z (NOR2HD1X)                                      0.24       4.52 r
  n3064 (net)                                   3         0.00       4.52 r
  U2131/B (NAND2HD1X)                                     0.00       4.52 r
  U2131/Z (NAND2HD1X)                                     0.14       4.67 f
  n3085 (net)                                   3         0.00       4.67 f
  U2011/B (NOR2HDUX)                                      0.00       4.67 f
  U2011/Z (NOR2HDUX)                                      0.59       5.26 r
  n3089 (net)                                   3         0.00       5.26 r
  U2012/B (NAND2HDUX)                                     0.00       5.26 r
  U2012/Z (NAND2HDUX)                                     0.40       5.66 f
  n3090 (net)                                   3         0.00       5.66 f
  U2132/B (NOR2HD1X)                                      0.00       5.66 f
  U2132/Z (NOR2HD1X)                                      0.33       5.99 r
  n3094 (net)                                   3         0.00       5.99 r
  U2133/B (NAND2HD1X)                                     0.00       5.99 r
  U2133/Z (NAND2HD1X)                                     0.16       6.15 f
  n3114 (net)                                   3         0.00       6.15 f
  U2134/B (NOR2HD1X)                                      0.00       6.15 f
  U2134/Z (NOR2HD1X)                                      0.26       6.41 r
  n3118 (net)                                   3         0.00       6.41 r
  U1235/B (NAND2HD2X)                                     0.00       6.41 r
  U1235/Z (NAND2HD2X)                                     0.12       6.53 f
  n3065 (net)                                   3         0.00       6.53 f
  U1620/B (NOR2HD3X)                                      0.00       6.53 f
  U1620/Z (NOR2HD3X)                                      0.11       6.64 r
  n3069 (net)                                   3         0.00       6.64 r
  U2135/B (NAND2HD1X)                                     0.00       6.64 r
  U2135/Z (NAND2HD1X)                                     0.12       6.76 f
  n3070 (net)                                   3         0.00       6.76 f
  U2136/B (NOR2HD1X)                                      0.00       6.76 f
  U2136/Z (NOR2HD1X)                                      0.22       6.98 r
  n3074 (net)                                   3         0.00       6.98 r
  U2137/B (NAND2HDUX)                                     0.00       6.98 r
  U2137/Z (NAND2HDUX)                                     0.29       7.28 f
  n3075 (net)                                   3         0.00       7.28 f
  U2138/B (NOR2HDUX)                                      0.00       7.28 f
  U2138/Z (NOR2HDUX)                                      0.67       7.95 r
  n3079 (net)                                   3         0.00       7.95 r
  U2139/B (NAND2HDUX)                                     0.00       7.95 r
  U2139/Z (NAND2HDUX)                                     0.39       8.34 f
  n1878 (net)                                   3         0.00       8.34 f
  U2067/BN (AOI22B2HDLX)                                  0.00       8.34 f
  U2067/Z (AOI22B2HDLX)                                   0.23       8.58 f
  n1881 (net)                                   1         0.00       8.58 f
  U2116/A (OAI21HDUX)                                     0.00       8.58 f
  U2116/Z (OAI21HDUX)                                     0.29       8.87 r
  n1056 (net)                                   1         0.00       8.87 r
  u_ex_stage/ex_mem_pc4_reg[31]/D (FFDQRHDMX)             0.00       8.87 r
  data arrival time                                                  8.87

  clock clk (rise edge)                                  10.00      10.00
  clock network delay (ideal)                             0.00      10.00
  clock uncertainty                                      -1.00       9.00
  u_ex_stage/ex_mem_pc4_reg[31]/CK (FFDQRHDMX)            0.00       9.00 r
  library setup time                                     -0.11       8.89
  data required time                                                 8.89
  --------------------------------------------------------------------------
  data required time                                                 8.89
  data arrival time                                                 -8.87
  --------------------------------------------------------------------------
  slack (MET)                                                        0.02


  Startpoint: u_ex_stage/ex_mem_rd_reg[1]
              (rising edge-triggered flip-flop clocked by clk)
  Endpoint: u_if_stage/pc_reg[25]
            (rising edge-triggered flip-flop clocked by clk)
  Path Group: clk
  Path Type: max

  Des/Clust/Port     Wire Load Model       Library
  ------------------------------------------------
  regfile            reference_area_100000 smic13_tt
  pipeline_control_0 reference_area_20000  smic13_tt
  mem_stage          reference_area_20000  smic13_tt
  id_stage           reference_area_100000 smic13_tt
  cpu_core           reference_area_1000000
                                           smic13_tt
  if_stage_00000000  reference_area_20000  smic13_tt
  forwarding_unit    reference_area_20000  smic13_tt

  Point                                       Fanout      Incr       Path
  --------------------------------------------------------------------------
  clock clk (rise edge)                                   0.00       0.00
  clock network delay (ideal)                             0.00       0.00
  u_ex_stage/ex_mem_rd_reg[1]/CK (FFDQRHD1X)              0.00 #     0.00 r
  u_ex_stage/ex_mem_rd_reg[1]/Q (FFDQRHD1X)               0.27       0.27 f
  ex_mem_rd[1] (net)                            4         0.00       0.27 f
  u_ex_stage/u_forwarding_unit/mem_rd[1] (forwarding_unit)
                                                          0.00       0.27 f
  u_ex_stage/u_forwarding_unit/mem_rd[1] (net)            0.00       0.27 f
  u_ex_stage/u_forwarding_unit/U19/A (INVHDMX)            0.00       0.27 f
  u_ex_stage/u_forwarding_unit/U19/Z (INVHDMX)            0.22       0.50 r
  u_ex_stage/u_forwarding_unit/n36 (net)        4         0.00       0.50 r
  u_ex_stage/u_forwarding_unit/U45/C (OAI22HDMX)          0.00       0.50 r
  u_ex_stage/u_forwarding_unit/U45/Z (OAI22HDMX)          0.12       0.62 f
  u_ex_stage/u_forwarding_unit/n16 (net)        1         0.00       0.62 f
  u_ex_stage/u_forwarding_unit/U46/E (AOI221HDLX)         0.00       0.62 f
  u_ex_stage/u_forwarding_unit/U46/Z (AOI221HDLX)         0.14       0.76 r
  u_ex_stage/u_forwarding_unit/n17 (net)        1         0.00       0.76 r
  u_ex_stage/u_forwarding_unit/U13/C (OAI21HDLX)          0.00       0.76 r
  u_ex_stage/u_forwarding_unit/U13/Z (OAI21HDLX)          0.12       0.87 f
  u_ex_stage/u_forwarding_unit/n18 (net)        1         0.00       0.87 f
  u_ex_stage/u_forwarding_unit/U47/D (AOI211HDLX)         0.00       0.87 f
  u_ex_stage/u_forwarding_unit/U47/Z (AOI211HDLX)         0.12       1.00 r
  u_ex_stage/u_forwarding_unit/n20 (net)        1         0.00       1.00 r
  u_ex_stage/u_forwarding_unit/U48/B (NAND2HDUX)          0.00       1.00 r
  u_ex_stage/u_forwarding_unit/U48/Z (NAND2HDUX)          0.17       1.17 f
  u_ex_stage/u_forwarding_unit/n53 (net)        2         0.00       1.17 f
  u_ex_stage/u_forwarding_unit/U10/A (NOR2HDMX)           0.00       1.17 f
  u_ex_stage/u_forwarding_unit/U10/Z (NOR2HDMX)           0.26       1.43 r
  u_ex_stage/u_forwarding_unit/forward_a[1] (net)
                                                2         0.00       1.43 r
  u_ex_stage/u_forwarding_unit/forward_a[1] (forwarding_unit)
                                                          0.00       1.43 r
  u_ex_stage/forward_a[1] (net)                           0.00       1.43 r
  U1265/A (INVHDUX)                                       0.00       1.43 r
  U1265/Z (INVHDUX)                                       0.11       1.53 f
  n1175 (net)                                   1         0.00       1.53 f
  U2163/B (AND2HD1X)                                      0.00       1.53 f
  U2163/Z (AND2HD1X)                                      0.26       1.80 f
  n1188 (net)                                   7         0.00       1.80 f
  U1342/B (NOR2HD2X)                                      0.00       1.80 f
  U1342/Z (NOR2HD2X)                                      0.30       2.10 r
  n1431 (net)                                   9         0.00       2.10 r
  U2173/A (BUFHD3X)                                       0.00       2.10 r
  U2173/Z (BUFHD3X)                                       0.31       2.41 r
  n1491 (net)                                  24         0.00       2.41 r
  U2259/B (NAND2HDUX)                                     0.00       2.41 r
  U2259/Z (NAND2HDUX)                                     0.14       2.55 f
  n1440 (net)                                   1         0.00       2.55 f
  U1274/B (NAND2HDUX)                                     0.00       2.55 f
  U1274/Z (NAND2HDUX)                                     1.12       3.66 r
  n1754 (net)                                   9         0.00       3.66 r
  U2437/B (NAND2HDUX)                                     0.00       3.66 r
  U2437/Z (NAND2HDUX)                                     0.11       3.78 f
  n1755 (net)                                   1         0.00       3.78 f
  U1284/B (NAND2HDUX)                                     0.00       3.78 f
  U1284/Z (NAND2HDUX)                                     1.17       4.95 r
  n2950 (net)                                   9         0.00       4.95 r
  U1843/A (INVHDLX)                                       0.00       4.95 r
  U1843/Z (INVHDLX)                                       0.36       5.31 f
  n1942 (net)                                   4         0.00       5.31 f
  U1314/A (OAI22HDMX)                                     0.00       5.31 f
  U1314/Z (OAI22HDMX)                                     0.41       5.72 r
  n1787 (net)                                   2         0.00       5.72 r
  U1750/B (NOR2HDUX)                                      0.00       5.72 r
  U1750/Z (NOR2HDUX)                                      0.34       6.06 f
  n2223 (net)                                   4         0.00       6.06 f
  U1280/C (AOI21HDUX)                                     0.00       6.06 f
  U1280/Z (AOI21HDUX)                                     1.02       7.08 r
  n2883 (net)                                   5         0.00       7.08 r
  U1426/A (INVHDLX)                                       0.00       7.08 r
  U1426/Z (INVHDLX)                                       0.16       7.25 f
  n2571 (net)                                   2         0.00       7.25 f
  U1310/B (OAI21HDLX)                                     0.00       7.25 f
  U1310/Z (OAI21HDLX)                                     0.24       7.49 r
  n2208 (net)                                   1         0.00       7.49 r
  U2886/B (NAND2HDUX)                                     0.00       7.49 r
  U2886/Z (NAND2HDUX)                                     0.22       7.71 f
  n2747 (net)                                   2         0.00       7.71 f
  U3157/B (NOR2HDUX)                                      0.00       7.71 f
  U3157/Z (NOR2HDUX)                                      0.32       8.02 r
  n2756 (net)                                   1         0.00       8.02 r
  U3160/C (AOI211HDLX)                                    0.00       8.02 r
  U3160/Z (AOI211HDLX)                                    0.19       8.22 f
  n3020 (net)                                   2         0.00       8.22 f
  U1790/D (OAI22HDLX)                                     0.00       8.22 f
  U1790/Z (OAI22HDLX)                                     0.39       8.60 r
  redirect_pc[25] (net)                         1         0.00       8.60 r
  u_if_stage/redirect_pc[25] (if_stage_00000000)          0.00       8.60 r
  u_if_stage/redirect_pc[25] (net)                        0.00       8.60 r
  u_if_stage/U57/C (AOI22HDLX)                            0.00       8.60 r
  u_if_stage/U57/Z (AOI22HDLX)                            0.10       8.71 f
  u_if_stage/n53 (net)                          1         0.00       8.71 f
  u_if_stage/U13/C (OAI21HDLX)                            0.00       8.71 f
  u_if_stage/U13/Z (OAI21HDLX)                            0.17       8.88 r
  u_if_stage/n173 (net)                         1         0.00       8.88 r
  u_if_stage/pc_reg[25]/D (FFDQRHDMX)                     0.00       8.88 r
  data arrival time                                                  8.88

  clock clk (rise edge)                                  10.00      10.00
  clock network delay (ideal)                             0.00      10.00
  clock uncertainty                                      -1.00       9.00
  u_if_stage/pc_reg[25]/CK (FFDQRHDMX)                    0.00       9.00 r
  library setup time                                     -0.10       8.90
  data required time                                                 8.90
  --------------------------------------------------------------------------
  data required time                                                 8.90
  data arrival time                                                 -8.88
  --------------------------------------------------------------------------
  slack (MET)                                                        0.02


  Startpoint: u_ex_stage/ex_mem_rd_reg[1]
              (rising edge-triggered flip-flop clocked by clk)
  Endpoint: u_if_stage/pc_reg[25]
            (rising edge-triggered flip-flop clocked by clk)
  Path Group: clk
  Path Type: max

  Des/Clust/Port     Wire Load Model       Library
  ------------------------------------------------
  regfile            reference_area_100000 smic13_tt
  pipeline_control_0 reference_area_20000  smic13_tt
  mem_stage          reference_area_20000  smic13_tt
  id_stage           reference_area_100000 smic13_tt
  cpu_core           reference_area_1000000
                                           smic13_tt
  if_stage_00000000  reference_area_20000  smic13_tt
  forwarding_unit    reference_area_20000  smic13_tt

  Point                                       Fanout      Incr       Path
  --------------------------------------------------------------------------
  clock clk (rise edge)                                   0.00       0.00
  clock network delay (ideal)                             0.00       0.00
  u_ex_stage/ex_mem_rd_reg[1]/CK (FFDQRHD1X)              0.00 #     0.00 r
  u_ex_stage/ex_mem_rd_reg[1]/Q (FFDQRHD1X)               0.27       0.27 f
  ex_mem_rd[1] (net)                            4         0.00       0.27 f
  u_ex_stage/u_forwarding_unit/mem_rd[1] (forwarding_unit)
                                                          0.00       0.27 f
  u_ex_stage/u_forwarding_unit/mem_rd[1] (net)            0.00       0.27 f
  u_ex_stage/u_forwarding_unit/U19/A (INVHDMX)            0.00       0.27 f
  u_ex_stage/u_forwarding_unit/U19/Z (INVHDMX)            0.22       0.50 r
  u_ex_stage/u_forwarding_unit/n36 (net)        4         0.00       0.50 r
  u_ex_stage/u_forwarding_unit/U45/C (OAI22HDMX)          0.00       0.50 r
  u_ex_stage/u_forwarding_unit/U45/Z (OAI22HDMX)          0.12       0.62 f
  u_ex_stage/u_forwarding_unit/n16 (net)        1         0.00       0.62 f
  u_ex_stage/u_forwarding_unit/U46/E (AOI221HDLX)         0.00       0.62 f
  u_ex_stage/u_forwarding_unit/U46/Z (AOI221HDLX)         0.14       0.76 r
  u_ex_stage/u_forwarding_unit/n17 (net)        1         0.00       0.76 r
  u_ex_stage/u_forwarding_unit/U13/C (OAI21HDLX)          0.00       0.76 r
  u_ex_stage/u_forwarding_unit/U13/Z (OAI21HDLX)          0.12       0.87 f
  u_ex_stage/u_forwarding_unit/n18 (net)        1         0.00       0.87 f
  u_ex_stage/u_forwarding_unit/U47/D (AOI211HDLX)         0.00       0.87 f
  u_ex_stage/u_forwarding_unit/U47/Z (AOI211HDLX)         0.12       1.00 r
  u_ex_stage/u_forwarding_unit/n20 (net)        1         0.00       1.00 r
  u_ex_stage/u_forwarding_unit/U48/B (NAND2HDUX)          0.00       1.00 r
  u_ex_stage/u_forwarding_unit/U48/Z (NAND2HDUX)          0.17       1.17 f
  u_ex_stage/u_forwarding_unit/n53 (net)        2         0.00       1.17 f
  u_ex_stage/u_forwarding_unit/U10/A (NOR2HDMX)           0.00       1.17 f
  u_ex_stage/u_forwarding_unit/U10/Z (NOR2HDMX)           0.26       1.43 r
  u_ex_stage/u_forwarding_unit/forward_a[1] (net)
                                                2         0.00       1.43 r
  u_ex_stage/u_forwarding_unit/forward_a[1] (forwarding_unit)
                                                          0.00       1.43 r
  u_ex_stage/forward_a[1] (net)                           0.00       1.43 r
  U1265/A (INVHDUX)                                       0.00       1.43 r
  U1265/Z (INVHDUX)                                       0.11       1.53 f
  n1175 (net)                                   1         0.00       1.53 f
  U2163/B (AND2HD1X)                                      0.00       1.53 f
  U2163/Z (AND2HD1X)                                      0.26       1.80 f
  n1188 (net)                                   7         0.00       1.80 f
  U1342/B (NOR2HD2X)                                      0.00       1.80 f
  U1342/Z (NOR2HD2X)                                      0.30       2.10 r
  n1431 (net)                                   9         0.00       2.10 r
  U2173/A (BUFHD3X)                                       0.00       2.10 r
  U2173/Z (BUFHD3X)                                       0.31       2.41 r
  n1491 (net)                                  24         0.00       2.41 r
  U2259/B (NAND2HDUX)                                     0.00       2.41 r
  U2259/Z (NAND2HDUX)                                     0.14       2.55 f
  n1440 (net)                                   1         0.00       2.55 f
  U1274/B (NAND2HDUX)                                     0.00       2.55 f
  U1274/Z (NAND2HDUX)                                     1.12       3.66 r
  n1754 (net)                                   9         0.00       3.66 r
  U2437/B (NAND2HDUX)                                     0.00       3.66 r
  U2437/Z (NAND2HDUX)                                     0.11       3.78 f
  n1755 (net)                                   1         0.00       3.78 f
  U1284/B (NAND2HDUX)                                     0.00       3.78 f
  U1284/Z (NAND2HDUX)                                     1.17       4.95 r
  n2950 (net)                                   9         0.00       4.95 r
  U1843/A (INVHDLX)                                       0.00       4.95 r
  U1843/Z (INVHDLX)                                       0.36       5.31 f
  n1942 (net)                                   4         0.00       5.31 f
  U1314/A (OAI22HDMX)                                     0.00       5.31 f
  U1314/Z (OAI22HDMX)                                     0.41       5.72 r
  n1787 (net)                                   2         0.00       5.72 r
  U1750/B (NOR2HDUX)                                      0.00       5.72 r
  U1750/Z (NOR2HDUX)                                      0.34       6.06 f
  n2223 (net)                                   4         0.00       6.06 f
  U1280/C (AOI21HDUX)                                     0.00       6.06 f
  U1280/Z (AOI21HDUX)                                     1.02       7.08 r
  n2883 (net)                                   5         0.00       7.08 r
  U1426/A (INVHDLX)                                       0.00       7.08 r
  U1426/Z (INVHDLX)                                       0.16       7.25 f
  n2571 (net)                                   2         0.00       7.25 f
  U1310/B (OAI21HDLX)                                     0.00       7.25 f
  U1310/Z (OAI21HDLX)                                     0.24       7.49 r
  n2208 (net)                                   1         0.00       7.49 r
  U2886/B (NAND2HDUX)                                     0.00       7.49 r
  U2886/Z (NAND2HDUX)                                     0.22       7.71 f
  n2747 (net)                                   2         0.00       7.71 f
  U3157/B (NOR2HDUX)                                      0.00       7.71 f
  U3157/Z (NOR2HDUX)                                      0.32       8.02 r
  n2756 (net)                                   1         0.00       8.02 r
  U3160/C (AOI211HDLX)                                    0.00       8.02 r
  U3160/Z (AOI211HDLX)                                    0.19       8.22 f
  n3020 (net)                                   2         0.00       8.22 f
  U1790/D (OAI22HDLX)                                     0.00       8.22 f
  U1790/Z (OAI22HDLX)                                     0.39       8.60 r
  redirect_pc[25] (net)                         1         0.00       8.60 r
  u_if_stage/redirect_pc[25] (if_stage_00000000)          0.00       8.60 r
  u_if_stage/redirect_pc[25] (net)                        0.00       8.60 r
  u_if_stage/U57/C (AOI22HDLX)                            0.00       8.60 r
  u_if_stage/U57/Z (AOI22HDLX)                            0.10       8.71 f
  u_if_stage/n53 (net)                          1         0.00       8.71 f
  u_if_stage/U13/C (OAI21HDLX)                            0.00       8.71 f
  u_if_stage/U13/Z (OAI21HDLX)                            0.17       8.88 r
  u_if_stage/n173 (net)                         1         0.00       8.88 r
  u_if_stage/pc_reg[25]/D (FFDQRHDMX)                     0.00       8.88 r
  data arrival time                                                  8.88

  clock clk (rise edge)                                  10.00      10.00
  clock network delay (ideal)                             0.00      10.00
  clock uncertainty                                      -1.00       9.00
  u_if_stage/pc_reg[25]/CK (FFDQRHDMX)                    0.00       9.00 r
  library setup time                                     -0.10       8.90
  data required time                                                 8.90
  --------------------------------------------------------------------------
  data required time                                                 8.90
  data arrival time                                                 -8.88
  --------------------------------------------------------------------------
  slack (MET)                                                        0.02


  Startpoint: u_id_stage/id_ex_pc_reg[2]
              (rising edge-triggered flip-flop clocked by clk)
  Endpoint: u_ex_stage/ex_mem_pc4_reg[31]
            (rising edge-triggered flip-flop clocked by clk)
  Path Group: clk
  Path Type: max

  Des/Clust/Port     Wire Load Model       Library
  ------------------------------------------------
  regfile            reference_area_100000 smic13_tt
  pipeline_control_0 reference_area_20000  smic13_tt
  mem_stage          reference_area_20000  smic13_tt
  id_stage           reference_area_100000 smic13_tt
  cpu_core           reference_area_1000000
                                           smic13_tt
  if_stage_00000000  reference_area_20000  smic13_tt

  Point                                       Fanout      Incr       Path
  --------------------------------------------------------------------------
  clock clk (rise edge)                                   0.00       0.00
  clock network delay (ideal)                             0.00       0.00
  u_id_stage/id_ex_pc_reg[2]/CK (FFDQRHDMX)               0.00 #     0.00 r
  u_id_stage/id_ex_pc_reg[2]/Q (FFDQRHDMX)                0.48       0.48 r
  u_id_stage/id_ex_pc[2] (net)                  5         0.00       0.48 r
  u_id_stage/id_ex_pc[2] (id_stage)                       0.00       0.48 r
  id_ex_pc[2] (net)                                       0.00       0.48 r
  U2127/A (NAND2HDUX)                                     0.00       0.48 r
  U2127/Z (NAND2HDUX)                                     0.31       0.79 f
  n2990 (net)                                   3         0.00       0.79 f
  U2110/B (NOR2HDUX)                                      0.00       0.79 f
  U2110/Z (NOR2HDUX)                                      0.68       1.47 r
  n3113 (net)                                   3         0.00       1.47 r
  U1985/B (NAND2HDUX)                                     0.00       1.47 r
  U1985/Z (NAND2HDUX)                                     0.38       1.86 f
  n3095 (net)                                   3         0.00       1.86 f
  U2009/B (NOR2HDUX)                                      0.00       1.86 f
  U2009/Z (NOR2HDUX)                                      0.77       2.63 r
  n3099 (net)                                   3         0.00       2.63 r
  U1577/B (NAND2HD1X)                                     0.00       2.63 r
  U1577/Z (NAND2HD1X)                                     0.19       2.82 f
  n3080 (net)                                   3         0.00       2.82 f
  U1576/B (NOR2HD1X)                                      0.00       2.82 f
  U1576/Z (NOR2HD1X)                                      0.26       3.08 r
  n3084 (net)                                   3         0.00       3.08 r
  U1987/B (NAND2HDUX)                                     0.00       3.08 r
  U1987/Z (NAND2HDUX)                                     0.32       3.40 f
  n3105 (net)                                   3         0.00       3.40 f
  U2128/B (NOR2HD1X)                                      0.00       3.40 f
  U2128/Z (NOR2HD1X)                                      0.32       3.73 r
  n3109 (net)                                   3         0.00       3.73 r
  U1242/B (NAND2HD2X)                                     0.00       3.73 r
  U1242/Z (NAND2HD2X)                                     0.12       3.85 f
  n3119 (net)                                   3         0.00       3.85 f
  U1621/B (NOR2HD3X)                                      0.00       3.85 f
  U1621/Z (NOR2HD3X)                                      0.12       3.97 r
  n3123 (net)                                   3         0.00       3.97 r
  U1623/B (NAND2HD2X)                                     0.00       3.97 r
  U1623/Z (NAND2HD2X)                                     0.09       4.06 f
  n3100 (net)                                   3         0.00       4.06 f
  U1622/B (NOR2HD3X)                                      0.00       4.06 f
  U1622/Z (NOR2HD3X)                                      0.11       4.17 r
  n3104 (net)                                   3         0.00       4.17 r
  U2129/B (NAND2HD1X)                                     0.00       4.17 r
  U2129/Z (NAND2HD1X)                                     0.12       4.29 f
  n3060 (net)                                   3         0.00       4.29 f
  U2130/B (NOR2HD1X)                                      0.00       4.29 f
  U2130/Z (NOR2HD1X)                                      0.24       4.52 r
  n3064 (net)                                   3         0.00       4.52 r
  U2131/B (NAND2HD1X)                                     0.00       4.52 r
  U2131/Z (NAND2HD1X)                                     0.14       4.67 f
  n3085 (net)                                   3         0.00       4.67 f
  U2011/B (NOR2HDUX)                                      0.00       4.67 f
  U2011/Z (NOR2HDUX)                                      0.59       5.26 r
  n3089 (net)                                   3         0.00       5.26 r
  U2012/B (NAND2HDUX)                                     0.00       5.26 r
  U2012/Z (NAND2HDUX)                                     0.40       5.66 f
  n3090 (net)                                   3         0.00       5.66 f
  U2132/B (NOR2HD1X)                                      0.00       5.66 f
  U2132/Z (NOR2HD1X)                                      0.33       5.99 r
  n3094 (net)                                   3         0.00       5.99 r
  U2133/B (NAND2HD1X)                                     0.00       5.99 r
  U2133/Z (NAND2HD1X)                                     0.16       6.15 f
  n3114 (net)                                   3         0.00       6.15 f
  U2134/B (NOR2HD1X)                                      0.00       6.15 f
  U2134/Z (NOR2HD1X)                                      0.26       6.41 r
  n3118 (net)                                   3         0.00       6.41 r
  U1235/B (NAND2HD2X)                                     0.00       6.41 r
  U1235/Z (NAND2HD2X)                                     0.12       6.53 f
  n3065 (net)                                   3         0.00       6.53 f
  U1620/B (NOR2HD3X)                                      0.00       6.53 f
  U1620/Z (NOR2HD3X)                                      0.11       6.64 r
  n3069 (net)                                   3         0.00       6.64 r
  U2135/B (NAND2HD1X)                                     0.00       6.64 r
  U2135/Z (NAND2HD1X)                                     0.12       6.76 f
  n3070 (net)                                   3         0.00       6.76 f
  U2136/B (NOR2HD1X)                                      0.00       6.76 f
  U2136/Z (NOR2HD1X)                                      0.22       6.98 r
  n3074 (net)                                   3         0.00       6.98 r
  U2137/B (NAND2HDUX)                                     0.00       6.98 r
  U2137/Z (NAND2HDUX)                                     0.29       7.28 f
  n3075 (net)                                   3         0.00       7.28 f
  U2138/B (NOR2HDUX)                                      0.00       7.28 f
  U2138/Z (NOR2HDUX)                                      0.67       7.95 r
  n3079 (net)                                   3         0.00       7.95 r
  U2139/B (NAND2HDUX)                                     0.00       7.95 r
  U2139/Z (NAND2HDUX)                                     0.39       8.34 f
  n1878 (net)                                   3         0.00       8.34 f
  U2067/BN (AOI22B2HDLX)                                  0.00       8.34 f
  U2067/Z (AOI22B2HDLX)                                   0.23       8.58 f
  n1881 (net)                                   1         0.00       8.58 f
  U2116/A (OAI21HDUX)                                     0.00       8.58 f
  U2116/Z (OAI21HDUX)                                     0.29       8.87 r
  n1056 (net)                                   1         0.00       8.87 r
  u_ex_stage/ex_mem_pc4_reg[31]/D (FFDQRHDMX)             0.00       8.87 r
  data arrival time                                                  8.87

  clock clk (rise edge)                                  10.00      10.00
  clock network delay (ideal)                             0.00      10.00
  clock uncertainty                                      -1.00       9.00
  u_ex_stage/ex_mem_pc4_reg[31]/CK (FFDQRHDMX)            0.00       9.00 r
  library setup time                                     -0.11       8.89
  data required time                                                 8.89
  --------------------------------------------------------------------------
  data required time                                                 8.89
  data arrival time                                                 -8.87
  --------------------------------------------------------------------------
  slack (MET)                                                        0.02


  Startpoint: u_ex_stage/ex_mem_rd_reg[1]
              (rising edge-triggered flip-flop clocked by clk)
  Endpoint: u_if_stage/pc_reg[28]
            (rising edge-triggered flip-flop clocked by clk)
  Path Group: clk
  Path Type: max

  Des/Clust/Port     Wire Load Model       Library
  ------------------------------------------------
  regfile            reference_area_100000 smic13_tt
  pipeline_control_0 reference_area_20000  smic13_tt
  mem_stage          reference_area_20000  smic13_tt
  id_stage           reference_area_100000 smic13_tt
  cpu_core           reference_area_1000000
                                           smic13_tt
  if_stage_00000000  reference_area_20000  smic13_tt
  forwarding_unit    reference_area_20000  smic13_tt

  Point                                       Fanout      Incr       Path
  --------------------------------------------------------------------------
  clock clk (rise edge)                                   0.00       0.00
  clock network delay (ideal)                             0.00       0.00
  u_ex_stage/ex_mem_rd_reg[1]/CK (FFDQRHD1X)              0.00 #     0.00 r
  u_ex_stage/ex_mem_rd_reg[1]/Q (FFDQRHD1X)               0.29       0.29 r
  ex_mem_rd[1] (net)                            4         0.00       0.29 r
  u_ex_stage/u_forwarding_unit/mem_rd[1] (forwarding_unit)
                                                          0.00       0.29 r
  u_ex_stage/u_forwarding_unit/mem_rd[1] (net)            0.00       0.29 r
  u_ex_stage/u_forwarding_unit/U19/A (INVHDMX)            0.00       0.29 r
  u_ex_stage/u_forwarding_unit/U19/Z (INVHDMX)            0.14       0.44 f
  u_ex_stage/u_forwarding_unit/n36 (net)        4         0.00       0.44 f
  u_ex_stage/u_forwarding_unit/U45/C (OAI22HDMX)          0.00       0.44 f
  u_ex_stage/u_forwarding_unit/U45/Z (OAI22HDMX)          0.17       0.60 r
  u_ex_stage/u_forwarding_unit/n16 (net)        1         0.00       0.60 r
  u_ex_stage/u_forwarding_unit/U46/E (AOI221HDLX)         0.00       0.60 r
  u_ex_stage/u_forwarding_unit/U46/Z (AOI221HDLX)         0.09       0.70 f
  u_ex_stage/u_forwarding_unit/n17 (net)        1         0.00       0.70 f
  u_ex_stage/u_forwarding_unit/U13/C (OAI21HDLX)          0.00       0.70 f
  u_ex_stage/u_forwarding_unit/U13/Z (OAI21HDLX)          0.16       0.85 r
  u_ex_stage/u_forwarding_unit/n18 (net)        1         0.00       0.85 r
  u_ex_stage/u_forwarding_unit/U47/D (AOI211HDLX)         0.00       0.85 r
  u_ex_stage/u_forwarding_unit/U47/Z (AOI211HDLX)         0.08       0.93 f
  u_ex_stage/u_forwarding_unit/n20 (net)        1         0.00       0.93 f
  u_ex_stage/u_forwarding_unit/U48/B (NAND2HDUX)          0.00       0.93 f
  u_ex_stage/u_forwarding_unit/U48/Z (NAND2HDUX)          0.27       1.20 r
  u_ex_stage/u_forwarding_unit/n53 (net)        2         0.00       1.20 r
  u_ex_stage/u_forwarding_unit/U3/D (NAND4HDMX)           0.00       1.20 r
  u_ex_stage/u_forwarding_unit/U3/Z (NAND4HDMX)           0.11       1.32 f
  u_ex_stage/u_forwarding_unit/n24 (net)        1         0.00       1.32 f
  u_ex_stage/u_forwarding_unit/U49/B (NOR2HD1X)           0.00       1.32 f
  u_ex_stage/u_forwarding_unit/U49/Z (NOR2HD1X)           0.18       1.49 r
  u_ex_stage/u_forwarding_unit/forward_a[0] (net)
                                                2         0.00       1.49 r
  u_ex_stage/u_forwarding_unit/forward_a[0] (forwarding_unit)
                                                          0.00       1.49 r
  u_ex_stage/forward_a[0] (net)                           0.00       1.49 r
  U2164/AN (NAND2B1HDMX)                                  0.00       1.49 r
  U2164/Z (NAND2B1HDMX)                                   0.13       1.62 r
  n1176 (net)                                   1         0.00       1.62 r
  U1344/A (INVHD1X)                                       0.00       1.62 r
  U1344/Z (INVHD1X)                                       0.11       1.74 f
  n1182 (net)                                   3         0.00       1.74 f
  U1615/A (NAND2HD3X)                                     0.00       1.74 f
  U1615/Z (NAND2HD3X)                                     0.22       1.96 r
  n1190 (net)                                  15         0.00       1.96 r
  U2171/A (BUFHD2X)                                       0.00       1.96 r
  U2171/Z (BUFHD2X)                                       0.35       2.31 r
  n1485 (net)                                  18         0.00       2.31 r
  U2224/D (OAI22HDMX)                                     0.00       2.31 r
  U2224/Z (OAI22HDMX)                                     0.12       2.43 f
  n1360 (net)                                   1         0.00       2.43 f
  U1525/C (AOI21HDLX)                                     0.00       2.43 f
  U1525/Z (AOI21HDLX)                                     0.23       2.66 r
  n1362 (net)                                   1         0.00       2.66 r
  U2226/A (NAND2HD1X)                                     0.00       2.66 r
  U2226/Z (NAND2HD1X)                                     0.20       2.86 f
  n1834 (net)                                   5         0.00       2.86 f
  U1251/B (NAND2HDUX)                                     0.00       2.86 f
  U1251/Z (NAND2HDUX)                                     0.24       3.10 r
  n1835 (net)                                   1         0.00       3.10 r
  U2532/B (NAND2HD1X)                                     0.00       3.10 r
  U2532/Z (NAND2HD1X)                                     0.24       3.34 f
  n2429 (net)                                   6         0.00       3.34 f
  U2654/A (FAHHDMX)                                       0.00       3.34 f
  U2654/CO (FAHHDMX)                                      0.34       3.69 f
  n2035 (net)                                   1         0.00       3.69 f
  U1894/CI (FAHHDLX)                                      0.00       3.69 f
  U1894/CO (FAHHDLX)                                      0.18       3.86 f
  n2151 (net)                                   1         0.00       3.86 f
  U1887/CI (FAHHDLX)                                      0.00       3.86 f
  U1887/CO (FAHHDLX)                                      0.18       4.04 f
  n2028 (net)                                   1         0.00       4.04 f
  U1417/CI (FAHHDMX)                                      0.00       4.04 f
  U1417/CO (FAHHDMX)                                      0.16       4.20 f
  n2127 (net)                                   1         0.00       4.20 f
  U1308/CI (FAHHDMX)                                      0.00       4.20 f
  U1308/CO (FAHHDMX)                                      0.16       4.37 f
  n2240 (net)                                   1         0.00       4.37 f
  U1304/CI (FAHHDMX)                                      0.00       4.37 f
  U1304/CO (FAHHDMX)                                      0.16       4.53 f
  n2206 (net)                                   1         0.00       4.53 f
  U2885/CI (FAHHD1X)                                      0.00       4.53 f
  U2885/CO (FAHHD1X)                                      0.17       4.70 f
  n2086 (net)                                   1         0.00       4.70 f
  U2814/CI (FAHHD2X)                                      0.00       4.70 f
  U2814/CO (FAHHD2X)                                      0.15       4.85 f
  n2180 (net)                                   1         0.00       4.85 f
  U2873/CI (FAHHD2X)                                      0.00       4.85 f
  U2873/CO (FAHHD2X)                                      0.14       4.99 f
  n2293 (net)                                   1         0.00       4.99 f
  U2934/CI (FAHHD1X)                                      0.00       5.00 f
  U2934/CO (FAHHD1X)                                      0.16       5.15 f
  n2267 (net)                                   1         0.00       5.15 f
  U2923/CI (FAHHDMX)                                      0.00       5.15 f
  U2923/CO (FAHHDMX)                                      0.16       5.31 f
  n2317 (net)                                   1         0.00       5.31 f
  U1903/CI (FAHHDLX)                                      0.00       5.31 f
  U1903/CO (FAHHDLX)                                      0.18       5.49 f
  n2502 (net)                                   1         0.00       5.49 f
  U1906/CI (FAHHDLX)                                      0.00       5.49 f
  U1906/CO (FAHHDLX)                                      0.18       5.67 f
  n2625 (net)                                   1         0.00       5.67 f
  U3113/CI (FAHHDMX)                                      0.00       5.67 f
  U3113/CO (FAHHDMX)                                      0.16       5.83 f
  n2674 (net)                                   1         0.00       5.83 f
  U3130/CI (FAHHDMX)                                      0.00       5.83 f
  U3130/CO (FAHHDMX)                                      0.16       5.99 f
  n2694 (net)                                   1         0.00       5.99 f
  U3138/CI (FAHHDMX)                                      0.00       5.99 f
  U3138/CO (FAHHDMX)                                      0.16       6.16 f
  n2716 (net)                                   1         0.00       6.16 f
  U3148/CI (FAHHDMX)                                      0.00       6.16 f
  U3148/CO (FAHHDMX)                                      0.16       6.32 f
  n2531 (net)                                   1         0.00       6.32 f
  U3080/CI (FAHHDMX)                                      0.00       6.32 f
  U3080/CO (FAHHDMX)                                      0.16       6.48 f
  n2561 (net)                                   1         0.00       6.48 f
  U3090/CI (FAHHDMX)                                      0.00       6.48 f
  U3090/CO (FAHHDMX)                                      0.16       6.64 f
  n2592 (net)                                   1         0.00       6.64 f
  U3099/CI (FAHHDMX)                                      0.00       6.64 f
  U3099/CO (FAHHDMX)                                      0.16       6.81 f
  n2648 (net)                                   1         0.00       6.81 f
  U3123/CI (FAHHDMX)                                      0.00       6.81 f
  U3123/CO (FAHHDMX)                                      0.16       6.97 f
  n2744 (net)                                   1         0.00       6.97 f
  U1961/CI (FAHHDLX)                                      0.00       6.97 f
  U1961/CO (FAHHDLX)                                      0.18       7.15 f
  n2767 (net)                                   1         0.00       7.15 f
  U3164/CI (FAHHDMX)                                      0.00       7.15 f
  U3164/CO (FAHHDMX)                                      0.16       7.31 f
  n2792 (net)                                   1         0.00       7.31 f
  U3172/CI (FAHHDMX)                                      0.00       7.31 f
  U3172/CO (FAHHDMX)                                      0.16       7.47 f
  n2818 (net)                                   1         0.00       7.47 f
  U3182/CI (FAHHDMX)                                      0.00       7.47 f
  U3182/CO (FAHHDMX)                                      0.16       7.63 f
  n2853 (net)                                   1         0.00       7.63 f
  U1952/CI (FAHHDLX)                                      0.00       7.63 f
  U1952/S (FAHHDLX)                                       0.18       7.82 f
  n2833 (net)                                   1         0.00       7.82 f
  U1289/B (AOI21HDUX)                                     0.00       7.82 f
  U1289/Z (AOI21HDUX)                                     0.40       8.22 r
  n3045 (net)                                   2         0.00       8.22 r
  U2048/D (OAI22HDLX)                                     0.00       8.22 r
  U2048/Z (OAI22HDLX)                                     0.19       8.41 f
  redirect_pc[28] (net)                         1         0.00       8.41 f
  u_if_stage/redirect_pc[28] (if_stage_00000000)          0.00       8.41 f
  u_if_stage/redirect_pc[28] (net)                        0.00       8.41 f
  u_if_stage/U85/C (AOI22HDLX)                            0.00       8.41 f
  u_if_stage/U85/Z (AOI22HDLX)                            0.25       8.66 r
  u_if_stage/n233 (net)                         1         0.00       8.66 r
  u_if_stage/U190/D (OAI31HDMX)                           0.00       8.66 r
  u_if_stage/U190/Z (OAI31HDMX)                           0.15       8.81 f
  u_if_stage/n170 (net)                         1         0.00       8.81 f
  u_if_stage/pc_reg[28]/D (FFDQRHDMX)                     0.00       8.81 f
  data arrival time                                                  8.81

  clock clk (rise edge)                                  10.00      10.00
  clock network delay (ideal)                             0.00      10.00
  clock uncertainty                                      -1.00       9.00
  u_if_stage/pc_reg[28]/CK (FFDQRHDMX)                    0.00       9.00 r
  library setup time                                     -0.16       8.84
  data required time                                                 8.84
  --------------------------------------------------------------------------
  data required time                                                 8.84
  data arrival time                                                 -8.81
  --------------------------------------------------------------------------
  slack (MET)                                                        0.03


  Startpoint: u_ex_stage/ex_mem_rd_reg[1]
              (rising edge-triggered flip-flop clocked by clk)
  Endpoint: u_if_stage/pc_reg[28]
            (rising edge-triggered flip-flop clocked by clk)
  Path Group: clk
  Path Type: max

  Des/Clust/Port     Wire Load Model       Library
  ------------------------------------------------
  regfile            reference_area_100000 smic13_tt
  pipeline_control_0 reference_area_20000  smic13_tt
  mem_stage          reference_area_20000  smic13_tt
  id_stage           reference_area_100000 smic13_tt
  cpu_core           reference_area_1000000
                                           smic13_tt
  if_stage_00000000  reference_area_20000  smic13_tt
  forwarding_unit    reference_area_20000  smic13_tt

  Point                                       Fanout      Incr       Path
  --------------------------------------------------------------------------
  clock clk (rise edge)                                   0.00       0.00
  clock network delay (ideal)                             0.00       0.00
  u_ex_stage/ex_mem_rd_reg[1]/CK (FFDQRHD1X)              0.00 #     0.00 r
  u_ex_stage/ex_mem_rd_reg[1]/Q (FFDQRHD1X)               0.29       0.29 r
  ex_mem_rd[1] (net)                            4         0.00       0.29 r
  u_ex_stage/u_forwarding_unit/mem_rd[1] (forwarding_unit)
                                                          0.00       0.29 r
  u_ex_stage/u_forwarding_unit/mem_rd[1] (net)            0.00       0.29 r
  u_ex_stage/u_forwarding_unit/U19/A (INVHDMX)            0.00       0.29 r
  u_ex_stage/u_forwarding_unit/U19/Z (INVHDMX)            0.14       0.44 f
  u_ex_stage/u_forwarding_unit/n36 (net)        4         0.00       0.44 f
  u_ex_stage/u_forwarding_unit/U45/C (OAI22HDMX)          0.00       0.44 f
  u_ex_stage/u_forwarding_unit/U45/Z (OAI22HDMX)          0.17       0.60 r
  u_ex_stage/u_forwarding_unit/n16 (net)        1         0.00       0.60 r
  u_ex_stage/u_forwarding_unit/U46/E (AOI221HDLX)         0.00       0.60 r
  u_ex_stage/u_forwarding_unit/U46/Z (AOI221HDLX)         0.09       0.70 f
  u_ex_stage/u_forwarding_unit/n17 (net)        1         0.00       0.70 f
  u_ex_stage/u_forwarding_unit/U13/C (OAI21HDLX)          0.00       0.70 f
  u_ex_stage/u_forwarding_unit/U13/Z (OAI21HDLX)          0.16       0.85 r
  u_ex_stage/u_forwarding_unit/n18 (net)        1         0.00       0.85 r
  u_ex_stage/u_forwarding_unit/U47/D (AOI211HDLX)         0.00       0.85 r
  u_ex_stage/u_forwarding_unit/U47/Z (AOI211HDLX)         0.08       0.93 f
  u_ex_stage/u_forwarding_unit/n20 (net)        1         0.00       0.93 f
  u_ex_stage/u_forwarding_unit/U48/B (NAND2HDUX)          0.00       0.93 f
  u_ex_stage/u_forwarding_unit/U48/Z (NAND2HDUX)          0.27       1.20 r
  u_ex_stage/u_forwarding_unit/n53 (net)        2         0.00       1.20 r
  u_ex_stage/u_forwarding_unit/U3/D (NAND4HDMX)           0.00       1.20 r
  u_ex_stage/u_forwarding_unit/U3/Z (NAND4HDMX)           0.11       1.32 f
  u_ex_stage/u_forwarding_unit/n24 (net)        1         0.00       1.32 f
  u_ex_stage/u_forwarding_unit/U49/B (NOR2HD1X)           0.00       1.32 f
  u_ex_stage/u_forwarding_unit/U49/Z (NOR2HD1X)           0.18       1.49 r
  u_ex_stage/u_forwarding_unit/forward_a[0] (net)
                                                2         0.00       1.49 r
  u_ex_stage/u_forwarding_unit/forward_a[0] (forwarding_unit)
                                                          0.00       1.49 r
  u_ex_stage/forward_a[0] (net)                           0.00       1.49 r
  U2164/AN (NAND2B1HDMX)                                  0.00       1.49 r
  U2164/Z (NAND2B1HDMX)                                   0.13       1.62 r
  n1176 (net)                                   1         0.00       1.62 r
  U1344/A (INVHD1X)                                       0.00       1.62 r
  U1344/Z (INVHD1X)                                       0.11       1.74 f
  n1182 (net)                                   3         0.00       1.74 f
  U1615/A (NAND2HD3X)                                     0.00       1.74 f
  U1615/Z (NAND2HD3X)                                     0.22       1.96 r
  n1190 (net)                                  15         0.00       1.96 r
  U2171/A (BUFHD2X)                                       0.00       1.96 r
  U2171/Z (BUFHD2X)                                       0.35       2.31 r
  n1485 (net)                                  18         0.00       2.31 r
  U2224/D (OAI22HDMX)                                     0.00       2.31 r
  U2224/Z (OAI22HDMX)                                     0.12       2.43 f
  n1360 (net)                                   1         0.00       2.43 f
  U1525/C (AOI21HDLX)                                     0.00       2.43 f
  U1525/Z (AOI21HDLX)                                     0.23       2.66 r
  n1362 (net)                                   1         0.00       2.66 r
  U2226/A (NAND2HD1X)                                     0.00       2.66 r
  U2226/Z (NAND2HD1X)                                     0.20       2.86 f
  n1834 (net)                                   5         0.00       2.86 f
  U1251/B (NAND2HDUX)                                     0.00       2.86 f
  U1251/Z (NAND2HDUX)                                     0.24       3.10 r
  n1835 (net)                                   1         0.00       3.10 r
  U2532/B (NAND2HD1X)                                     0.00       3.10 r
  U2532/Z (NAND2HD1X)                                     0.24       3.34 f
  n2429 (net)                                   6         0.00       3.34 f
  U2654/A (FAHHDMX)                                       0.00       3.34 f
  U2654/CO (FAHHDMX)                                      0.34       3.69 f
  n2035 (net)                                   1         0.00       3.69 f
  U1894/CI (FAHHDLX)                                      0.00       3.69 f
  U1894/CO (FAHHDLX)                                      0.18       3.86 f
  n2151 (net)                                   1         0.00       3.86 f
  U1887/CI (FAHHDLX)                                      0.00       3.86 f
  U1887/CO (FAHHDLX)                                      0.18       4.04 f
  n2028 (net)                                   1         0.00       4.04 f
  U1417/CI (FAHHDMX)                                      0.00       4.04 f
  U1417/CO (FAHHDMX)                                      0.16       4.20 f
  n2127 (net)                                   1         0.00       4.20 f
  U1308/CI (FAHHDMX)                                      0.00       4.20 f
  U1308/CO (FAHHDMX)                                      0.16       4.37 f
  n2240 (net)                                   1         0.00       4.37 f
  U1304/CI (FAHHDMX)                                      0.00       4.37 f
  U1304/CO (FAHHDMX)                                      0.16       4.53 f
  n2206 (net)                                   1         0.00       4.53 f
  U2885/CI (FAHHD1X)                                      0.00       4.53 f
  U2885/CO (FAHHD1X)                                      0.17       4.70 f
  n2086 (net)                                   1         0.00       4.70 f
  U2814/CI (FAHHD2X)                                      0.00       4.70 f
  U2814/CO (FAHHD2X)                                      0.15       4.85 f
  n2180 (net)                                   1         0.00       4.85 f
  U2873/CI (FAHHD2X)                                      0.00       4.85 f
  U2873/CO (FAHHD2X)                                      0.14       4.99 f
  n2293 (net)                                   1         0.00       4.99 f
  U2934/CI (FAHHD1X)                                      0.00       5.00 f
  U2934/CO (FAHHD1X)                                      0.16       5.15 f
  n2267 (net)                                   1         0.00       5.15 f
  U2923/CI (FAHHDMX)                                      0.00       5.15 f
  U2923/CO (FAHHDMX)                                      0.16       5.31 f
  n2317 (net)                                   1         0.00       5.31 f
  U1903/CI (FAHHDLX)                                      0.00       5.31 f
  U1903/CO (FAHHDLX)                                      0.18       5.49 f
  n2502 (net)                                   1         0.00       5.49 f
  U1906/CI (FAHHDLX)                                      0.00       5.49 f
  U1906/CO (FAHHDLX)                                      0.18       5.67 f
  n2625 (net)                                   1         0.00       5.67 f
  U3113/CI (FAHHDMX)                                      0.00       5.67 f
  U3113/CO (FAHHDMX)                                      0.16       5.83 f
  n2674 (net)                                   1         0.00       5.83 f
  U3130/CI (FAHHDMX)                                      0.00       5.83 f
  U3130/CO (FAHHDMX)                                      0.16       5.99 f
  n2694 (net)                                   1         0.00       5.99 f
  U3138/CI (FAHHDMX)                                      0.00       5.99 f
  U3138/CO (FAHHDMX)                                      0.16       6.16 f
  n2716 (net)                                   1         0.00       6.16 f
  U3148/CI (FAHHDMX)                                      0.00       6.16 f
  U3148/CO (FAHHDMX)                                      0.16       6.32 f
  n2531 (net)                                   1         0.00       6.32 f
  U3080/CI (FAHHDMX)                                      0.00       6.32 f
  U3080/CO (FAHHDMX)                                      0.16       6.48 f
  n2561 (net)                                   1         0.00       6.48 f
  U3090/CI (FAHHDMX)                                      0.00       6.48 f
  U3090/CO (FAHHDMX)                                      0.16       6.64 f
  n2592 (net)                                   1         0.00       6.64 f
  U3099/CI (FAHHDMX)                                      0.00       6.64 f
  U3099/CO (FAHHDMX)                                      0.16       6.81 f
  n2648 (net)                                   1         0.00       6.81 f
  U3123/CI (FAHHDMX)                                      0.00       6.81 f
  U3123/CO (FAHHDMX)                                      0.16       6.97 f
  n2744 (net)                                   1         0.00       6.97 f
  U1961/CI (FAHHDLX)                                      0.00       6.97 f
  U1961/CO (FAHHDLX)                                      0.18       7.15 f
  n2767 (net)                                   1         0.00       7.15 f
  U3164/CI (FAHHDMX)                                      0.00       7.15 f
  U3164/CO (FAHHDMX)                                      0.16       7.31 f
  n2792 (net)                                   1         0.00       7.31 f
  U3172/CI (FAHHDMX)                                      0.00       7.31 f
  U3172/CO (FAHHDMX)                                      0.16       7.47 f
  n2818 (net)                                   1         0.00       7.47 f
  U3182/CI (FAHHDMX)                                      0.00       7.47 f
  U3182/CO (FAHHDMX)                                      0.16       7.63 f
  n2853 (net)                                   1         0.00       7.63 f
  U1952/CI (FAHHDLX)                                      0.00       7.63 f
  U1952/S (FAHHDLX)                                       0.18       7.82 f
  n2833 (net)                                   1         0.00       7.82 f
  U1289/B (AOI21HDUX)                                     0.00       7.82 f
  U1289/Z (AOI21HDUX)                                     0.40       8.22 r
  n3045 (net)                                   2         0.00       8.22 r
  U2048/D (OAI22HDLX)                                     0.00       8.22 r
  U2048/Z (OAI22HDLX)                                     0.19       8.41 f
  redirect_pc[28] (net)                         1         0.00       8.41 f
  u_if_stage/redirect_pc[28] (if_stage_00000000)          0.00       8.41 f
  u_if_stage/redirect_pc[28] (net)                        0.00       8.41 f
  u_if_stage/U85/C (AOI22HDLX)                            0.00       8.41 f
  u_if_stage/U85/Z (AOI22HDLX)                            0.25       8.66 r
  u_if_stage/n233 (net)                         1         0.00       8.66 r
  u_if_stage/U190/D (OAI31HDMX)                           0.00       8.66 r
  u_if_stage/U190/Z (OAI31HDMX)                           0.15       8.81 f
  u_if_stage/n170 (net)                         1         0.00       8.81 f
  u_if_stage/pc_reg[28]/D (FFDQRHDMX)                     0.00       8.81 f
  data arrival time                                                  8.81

  clock clk (rise edge)                                  10.00      10.00
  clock network delay (ideal)                             0.00      10.00
  clock uncertainty                                      -1.00       9.00
  u_if_stage/pc_reg[28]/CK (FFDQRHDMX)                    0.00       9.00 r
  library setup time                                     -0.16       8.84
  data required time                                                 8.84
  --------------------------------------------------------------------------
  data required time                                                 8.84
  data arrival time                                                 -8.81
  --------------------------------------------------------------------------
  slack (MET)                                                        0.03


  Startpoint: u_ex_stage/ex_mem_rd_reg[1]
              (rising edge-triggered flip-flop clocked by clk)
  Endpoint: u_if_stage/pc_reg[30]
            (rising edge-triggered flip-flop clocked by clk)
  Path Group: clk
  Path Type: max

  Des/Clust/Port     Wire Load Model       Library
  ------------------------------------------------
  regfile            reference_area_100000 smic13_tt
  pipeline_control_0 reference_area_20000  smic13_tt
  mem_stage          reference_area_20000  smic13_tt
  id_stage           reference_area_100000 smic13_tt
  cpu_core           reference_area_1000000
                                           smic13_tt
  if_stage_00000000  reference_area_20000  smic13_tt
  forwarding_unit    reference_area_20000  smic13_tt

  Point                                       Fanout      Incr       Path
  --------------------------------------------------------------------------
  clock clk (rise edge)                                   0.00       0.00
  clock network delay (ideal)                             0.00       0.00
  u_ex_stage/ex_mem_rd_reg[1]/CK (FFDQRHD1X)              0.00 #     0.00 r
  u_ex_stage/ex_mem_rd_reg[1]/Q (FFDQRHD1X)               0.29       0.29 r
  ex_mem_rd[1] (net)                            4         0.00       0.29 r
  u_ex_stage/u_forwarding_unit/mem_rd[1] (forwarding_unit)
                                                          0.00       0.29 r
  u_ex_stage/u_forwarding_unit/mem_rd[1] (net)            0.00       0.29 r
  u_ex_stage/u_forwarding_unit/U19/A (INVHDMX)            0.00       0.29 r
  u_ex_stage/u_forwarding_unit/U19/Z (INVHDMX)            0.14       0.44 f
  u_ex_stage/u_forwarding_unit/n36 (net)        4         0.00       0.44 f
  u_ex_stage/u_forwarding_unit/U45/C (OAI22HDMX)          0.00       0.44 f
  u_ex_stage/u_forwarding_unit/U45/Z (OAI22HDMX)          0.17       0.60 r
  u_ex_stage/u_forwarding_unit/n16 (net)        1         0.00       0.60 r
  u_ex_stage/u_forwarding_unit/U46/E (AOI221HDLX)         0.00       0.60 r
  u_ex_stage/u_forwarding_unit/U46/Z (AOI221HDLX)         0.09       0.70 f
  u_ex_stage/u_forwarding_unit/n17 (net)        1         0.00       0.70 f
  u_ex_stage/u_forwarding_unit/U13/C (OAI21HDLX)          0.00       0.70 f
  u_ex_stage/u_forwarding_unit/U13/Z (OAI21HDLX)          0.16       0.85 r
  u_ex_stage/u_forwarding_unit/n18 (net)        1         0.00       0.85 r
  u_ex_stage/u_forwarding_unit/U47/D (AOI211HDLX)         0.00       0.85 r
  u_ex_stage/u_forwarding_unit/U47/Z (AOI211HDLX)         0.08       0.93 f
  u_ex_stage/u_forwarding_unit/n20 (net)        1         0.00       0.93 f
  u_ex_stage/u_forwarding_unit/U48/B (NAND2HDUX)          0.00       0.93 f
  u_ex_stage/u_forwarding_unit/U48/Z (NAND2HDUX)          0.27       1.20 r
  u_ex_stage/u_forwarding_unit/n53 (net)        2         0.00       1.20 r
  u_ex_stage/u_forwarding_unit/U3/D (NAND4HDMX)           0.00       1.20 r
  u_ex_stage/u_forwarding_unit/U3/Z (NAND4HDMX)           0.11       1.32 f
  u_ex_stage/u_forwarding_unit/n24 (net)        1         0.00       1.32 f
  u_ex_stage/u_forwarding_unit/U49/B (NOR2HD1X)           0.00       1.32 f
  u_ex_stage/u_forwarding_unit/U49/Z (NOR2HD1X)           0.18       1.49 r
  u_ex_stage/u_forwarding_unit/forward_a[0] (net)
                                                2         0.00       1.49 r
  u_ex_stage/u_forwarding_unit/forward_a[0] (forwarding_unit)
                                                          0.00       1.49 r
  u_ex_stage/forward_a[0] (net)                           0.00       1.49 r
  U2164/AN (NAND2B1HDMX)                                  0.00       1.49 r
  U2164/Z (NAND2B1HDMX)                                   0.13       1.62 r
  n1176 (net)                                   1         0.00       1.62 r
  U1344/A (INVHD1X)                                       0.00       1.62 r
  U1344/Z (INVHD1X)                                       0.11       1.74 f
  n1182 (net)                                   3         0.00       1.74 f
  U1615/A (NAND2HD3X)                                     0.00       1.74 f
  U1615/Z (NAND2HD3X)                                     0.22       1.96 r
  n1190 (net)                                  15         0.00       1.96 r
  U2171/A (BUFHD2X)                                       0.00       1.96 r
  U2171/Z (BUFHD2X)                                       0.35       2.31 r
  n1485 (net)                                  18         0.00       2.31 r
  U2224/D (OAI22HDMX)                                     0.00       2.31 r
  U2224/Z (OAI22HDMX)                                     0.12       2.43 f
  n1360 (net)                                   1         0.00       2.43 f
  U1525/C (AOI21HDLX)                                     0.00       2.43 f
  U1525/Z (AOI21HDLX)                                     0.23       2.66 r
  n1362 (net)                                   1         0.00       2.66 r
  U2226/A (NAND2HD1X)                                     0.00       2.66 r
  U2226/Z (NAND2HD1X)                                     0.20       2.86 f
  n1834 (net)                                   5         0.00       2.86 f
  U1251/B (NAND2HDUX)                                     0.00       2.86 f
  U1251/Z (NAND2HDUX)                                     0.24       3.10 r
  n1835 (net)                                   1         0.00       3.10 r
  U2532/B (NAND2HD1X)                                     0.00       3.10 r
  U2532/Z (NAND2HD1X)                                     0.24       3.34 f
  n2429 (net)                                   6         0.00       3.34 f
  U2654/A (FAHHDMX)                                       0.00       3.34 f
  U2654/CO (FAHHDMX)                                      0.34       3.69 f
  n2035 (net)                                   1         0.00       3.69 f
  U1894/CI (FAHHDLX)                                      0.00       3.69 f
  U1894/CO (FAHHDLX)                                      0.18       3.86 f
  n2151 (net)                                   1         0.00       3.86 f
  U1887/CI (FAHHDLX)                                      0.00       3.86 f
  U1887/CO (FAHHDLX)                                      0.18       4.04 f
  n2028 (net)                                   1         0.00       4.04 f
  U1417/CI (FAHHDMX)                                      0.00       4.04 f
  U1417/CO (FAHHDMX)                                      0.16       4.20 f
  n2127 (net)                                   1         0.00       4.20 f
  U1308/CI (FAHHDMX)                                      0.00       4.20 f
  U1308/CO (FAHHDMX)                                      0.16       4.37 f
  n2240 (net)                                   1         0.00       4.37 f
  U1304/CI (FAHHDMX)                                      0.00       4.37 f
  U1304/CO (FAHHDMX)                                      0.16       4.53 f
  n2206 (net)                                   1         0.00       4.53 f
  U2885/CI (FAHHD1X)                                      0.00       4.53 f
  U2885/CO (FAHHD1X)                                      0.17       4.70 f
  n2086 (net)                                   1         0.00       4.70 f
  U2814/CI (FAHHD2X)                                      0.00       4.70 f
  U2814/CO (FAHHD2X)                                      0.15       4.85 f
  n2180 (net)                                   1         0.00       4.85 f
  U2873/CI (FAHHD2X)                                      0.00       4.85 f
  U2873/CO (FAHHD2X)                                      0.14       4.99 f
  n2293 (net)                                   1         0.00       4.99 f
  U2934/CI (FAHHD1X)                                      0.00       5.00 f
  U2934/CO (FAHHD1X)                                      0.16       5.15 f
  n2267 (net)                                   1         0.00       5.15 f
  U2923/CI (FAHHDMX)                                      0.00       5.15 f
  U2923/CO (FAHHDMX)                                      0.16       5.31 f
  n2317 (net)                                   1         0.00       5.31 f
  U1903/CI (FAHHDLX)                                      0.00       5.31 f
  U1903/CO (FAHHDLX)                                      0.18       5.49 f
  n2502 (net)                                   1         0.00       5.49 f
  U1906/CI (FAHHDLX)                                      0.00       5.49 f
  U1906/CO (FAHHDLX)                                      0.18       5.67 f
  n2625 (net)                                   1         0.00       5.67 f
  U3113/CI (FAHHDMX)                                      0.00       5.67 f
  U3113/CO (FAHHDMX)                                      0.16       5.83 f
  n2674 (net)                                   1         0.00       5.83 f
  U3130/CI (FAHHDMX)                                      0.00       5.83 f
  U3130/CO (FAHHDMX)                                      0.16       5.99 f
  n2694 (net)                                   1         0.00       5.99 f
  U3138/CI (FAHHDMX)                                      0.00       5.99 f
  U3138/CO (FAHHDMX)                                      0.16       6.16 f
  n2716 (net)                                   1         0.00       6.16 f
  U3148/CI (FAHHDMX)                                      0.00       6.16 f
  U3148/CO (FAHHDMX)                                      0.16       6.32 f
  n2531 (net)                                   1         0.00       6.32 f
  U3080/CI (FAHHDMX)                                      0.00       6.32 f
  U3080/CO (FAHHDMX)                                      0.16       6.48 f
  n2561 (net)                                   1         0.00       6.48 f
  U3090/CI (FAHHDMX)                                      0.00       6.48 f
  U3090/CO (FAHHDMX)                                      0.16       6.64 f
  n2592 (net)                                   1         0.00       6.64 f
  U3099/CI (FAHHDMX)                                      0.00       6.64 f
  U3099/CO (FAHHDMX)                                      0.16       6.81 f
  n2648 (net)                                   1         0.00       6.81 f
  U3123/CI (FAHHDMX)                                      0.00       6.81 f
  U3123/CO (FAHHDMX)                                      0.16       6.97 f
  n2744 (net)                                   1         0.00       6.97 f
  U1961/CI (FAHHDLX)                                      0.00       6.97 f
  U1961/CO (FAHHDLX)                                      0.18       7.15 f
  n2767 (net)                                   1         0.00       7.15 f
  U3164/CI (FAHHDMX)                                      0.00       7.15 f
  U3164/CO (FAHHDMX)                                      0.16       7.31 f
  n2792 (net)                                   1         0.00       7.31 f
  U3172/CI (FAHHDMX)                                      0.00       7.31 f
  U3172/CO (FAHHDMX)                                      0.16       7.47 f
  n2818 (net)                                   1         0.00       7.47 f
  U3182/CI (FAHHDMX)                                      0.00       7.47 f
  U3182/CO (FAHHDMX)                                      0.16       7.63 f
  n2853 (net)                                   1         0.00       7.63 f
  U1952/CI (FAHHDLX)                                      0.00       7.63 f
  U1952/CO (FAHHDLX)                                      0.18       7.81 f
  n2891 (net)                                   1         0.00       7.81 f
  U3207/CI (FAHHDMX)                                      0.00       7.81 f
  U3207/CO (FAHHDMX)                                      0.16       7.98 f
  n2925 (net)                                   1         0.00       7.98 f
  U3213/CI (FAHHD1X)                                      0.00       7.98 f
  U3213/S (FAHHD1X)                                       0.21       8.18 r
  n2905 (net)                                   1         0.00       8.18 r
  U1990/B (AOI211HDLX)                                    0.00       8.18 r
  U1990/Z (AOI211HDLX)                                    0.18       8.36 f
  n3126 (net)                                   2         0.00       8.36 f
  U3328/D (OAI22HD1X)                                     0.00       8.36 f
  U3328/Z (OAI22HD1X)                                     0.23       8.60 r
  redirect_pc[30] (net)                         1         0.00       8.60 r
  u_if_stage/redirect_pc[30] (if_stage_00000000)          0.00       8.60 r
  u_if_stage/redirect_pc[30] (net)                        0.00       8.60 r
  u_if_stage/U196/A (NAND2HD1X)                           0.00       8.60 r
  u_if_stage/U196/Z (NAND2HD1X)                           0.06       8.66 f
  u_if_stage/n242 (net)                         1         0.00       8.66 f
  u_if_stage/U197/E (OAI221HDLX)                          0.00       8.66 f
  u_if_stage/U197/Z (OAI221HDLX)                          0.19       8.85 r
  u_if_stage/n168 (net)                         1         0.00       8.85 r
  u_if_stage/pc_reg[30]/D (FFDQRHDMX)                     0.00       8.85 r
  data arrival time                                                  8.85

  clock clk (rise edge)                                  10.00      10.00
  clock network delay (ideal)                             0.00      10.00
  clock uncertainty                                      -1.00       9.00
  u_if_stage/pc_reg[30]/CK (FFDQRHDMX)                    0.00       9.00 r
  library setup time                                     -0.11       8.89
  data required time                                                 8.89
  --------------------------------------------------------------------------
  data required time                                                 8.89
  data arrival time                                                 -8.85
  --------------------------------------------------------------------------
  slack (MET)                                                        0.04


  Startpoint: u_ex_stage/ex_mem_rd_reg[1]
              (rising edge-triggered flip-flop clocked by clk)
  Endpoint: u_if_stage/pc_reg[30]
            (rising edge-triggered flip-flop clocked by clk)
  Path Group: clk
  Path Type: max

  Des/Clust/Port     Wire Load Model       Library
  ------------------------------------------------
  regfile            reference_area_100000 smic13_tt
  pipeline_control_0 reference_area_20000  smic13_tt
  mem_stage          reference_area_20000  smic13_tt
  id_stage           reference_area_100000 smic13_tt
  cpu_core           reference_area_1000000
                                           smic13_tt
  if_stage_00000000  reference_area_20000  smic13_tt
  forwarding_unit    reference_area_20000  smic13_tt

  Point                                       Fanout      Incr       Path
  --------------------------------------------------------------------------
  clock clk (rise edge)                                   0.00       0.00
  clock network delay (ideal)                             0.00       0.00
  u_ex_stage/ex_mem_rd_reg[1]/CK (FFDQRHD1X)              0.00 #     0.00 r
  u_ex_stage/ex_mem_rd_reg[1]/Q (FFDQRHD1X)               0.29       0.29 r
  ex_mem_rd[1] (net)                            4         0.00       0.29 r
  u_ex_stage/u_forwarding_unit/mem_rd[1] (forwarding_unit)
                                                          0.00       0.29 r
  u_ex_stage/u_forwarding_unit/mem_rd[1] (net)            0.00       0.29 r
  u_ex_stage/u_forwarding_unit/U19/A (INVHDMX)            0.00       0.29 r
  u_ex_stage/u_forwarding_unit/U19/Z (INVHDMX)            0.14       0.44 f
  u_ex_stage/u_forwarding_unit/n36 (net)        4         0.00       0.44 f
  u_ex_stage/u_forwarding_unit/U45/C (OAI22HDMX)          0.00       0.44 f
  u_ex_stage/u_forwarding_unit/U45/Z (OAI22HDMX)          0.17       0.60 r
  u_ex_stage/u_forwarding_unit/n16 (net)        1         0.00       0.60 r
  u_ex_stage/u_forwarding_unit/U46/E (AOI221HDLX)         0.00       0.60 r
  u_ex_stage/u_forwarding_unit/U46/Z (AOI221HDLX)         0.09       0.70 f
  u_ex_stage/u_forwarding_unit/n17 (net)        1         0.00       0.70 f
  u_ex_stage/u_forwarding_unit/U13/C (OAI21HDLX)          0.00       0.70 f
  u_ex_stage/u_forwarding_unit/U13/Z (OAI21HDLX)          0.16       0.85 r
  u_ex_stage/u_forwarding_unit/n18 (net)        1         0.00       0.85 r
  u_ex_stage/u_forwarding_unit/U47/D (AOI211HDLX)         0.00       0.85 r
  u_ex_stage/u_forwarding_unit/U47/Z (AOI211HDLX)         0.08       0.93 f
  u_ex_stage/u_forwarding_unit/n20 (net)        1         0.00       0.93 f
  u_ex_stage/u_forwarding_unit/U48/B (NAND2HDUX)          0.00       0.93 f
  u_ex_stage/u_forwarding_unit/U48/Z (NAND2HDUX)          0.27       1.20 r
  u_ex_stage/u_forwarding_unit/n53 (net)        2         0.00       1.20 r
  u_ex_stage/u_forwarding_unit/U3/D (NAND4HDMX)           0.00       1.20 r
  u_ex_stage/u_forwarding_unit/U3/Z (NAND4HDMX)           0.11       1.32 f
  u_ex_stage/u_forwarding_unit/n24 (net)        1         0.00       1.32 f
  u_ex_stage/u_forwarding_unit/U49/B (NOR2HD1X)           0.00       1.32 f
  u_ex_stage/u_forwarding_unit/U49/Z (NOR2HD1X)           0.18       1.49 r
  u_ex_stage/u_forwarding_unit/forward_a[0] (net)
                                                2         0.00       1.49 r
  u_ex_stage/u_forwarding_unit/forward_a[0] (forwarding_unit)
                                                          0.00       1.49 r
  u_ex_stage/forward_a[0] (net)                           0.00       1.49 r
  U2164/AN (NAND2B1HDMX)                                  0.00       1.49 r
  U2164/Z (NAND2B1HDMX)                                   0.13       1.62 r
  n1176 (net)                                   1         0.00       1.62 r
  U1344/A (INVHD1X)                                       0.00       1.62 r
  U1344/Z (INVHD1X)                                       0.11       1.74 f
  n1182 (net)                                   3         0.00       1.74 f
  U1615/A (NAND2HD3X)                                     0.00       1.74 f
  U1615/Z (NAND2HD3X)                                     0.22       1.96 r
  n1190 (net)                                  15         0.00       1.96 r
  U2171/A (BUFHD2X)                                       0.00       1.96 r
  U2171/Z (BUFHD2X)                                       0.35       2.31 r
  n1485 (net)                                  18         0.00       2.31 r
  U2224/D (OAI22HDMX)                                     0.00       2.31 r
  U2224/Z (OAI22HDMX)                                     0.12       2.43 f
  n1360 (net)                                   1         0.00       2.43 f
  U1525/C (AOI21HDLX)                                     0.00       2.43 f
  U1525/Z (AOI21HDLX)                                     0.23       2.66 r
  n1362 (net)                                   1         0.00       2.66 r
  U2226/A (NAND2HD1X)                                     0.00       2.66 r
  U2226/Z (NAND2HD1X)                                     0.20       2.86 f
  n1834 (net)                                   5         0.00       2.86 f
  U1251/B (NAND2HDUX)                                     0.00       2.86 f
  U1251/Z (NAND2HDUX)                                     0.24       3.10 r
  n1835 (net)                                   1         0.00       3.10 r
  U2532/B (NAND2HD1X)                                     0.00       3.10 r
  U2532/Z (NAND2HD1X)                                     0.24       3.34 f
  n2429 (net)                                   6         0.00       3.34 f
  U2654/A (FAHHDMX)                                       0.00       3.34 f
  U2654/CO (FAHHDMX)                                      0.34       3.69 f
  n2035 (net)                                   1         0.00       3.69 f
  U1894/CI (FAHHDLX)                                      0.00       3.69 f
  U1894/CO (FAHHDLX)                                      0.18       3.86 f
  n2151 (net)                                   1         0.00       3.86 f
  U1887/CI (FAHHDLX)                                      0.00       3.86 f
  U1887/CO (FAHHDLX)                                      0.18       4.04 f
  n2028 (net)                                   1         0.00       4.04 f
  U1417/CI (FAHHDMX)                                      0.00       4.04 f
  U1417/CO (FAHHDMX)                                      0.16       4.20 f
  n2127 (net)                                   1         0.00       4.20 f
  U1308/CI (FAHHDMX)                                      0.00       4.20 f
  U1308/CO (FAHHDMX)                                      0.16       4.37 f
  n2240 (net)                                   1         0.00       4.37 f
  U1304/CI (FAHHDMX)                                      0.00       4.37 f
  U1304/CO (FAHHDMX)                                      0.16       4.53 f
  n2206 (net)                                   1         0.00       4.53 f
  U2885/CI (FAHHD1X)                                      0.00       4.53 f
  U2885/CO (FAHHD1X)                                      0.17       4.70 f
  n2086 (net)                                   1         0.00       4.70 f
  U2814/CI (FAHHD2X)                                      0.00       4.70 f
  U2814/CO (FAHHD2X)                                      0.15       4.85 f
  n2180 (net)                                   1         0.00       4.85 f
  U2873/CI (FAHHD2X)                                      0.00       4.85 f
  U2873/CO (FAHHD2X)                                      0.14       4.99 f
  n2293 (net)                                   1         0.00       4.99 f
  U2934/CI (FAHHD1X)                                      0.00       5.00 f
  U2934/CO (FAHHD1X)                                      0.16       5.15 f
  n2267 (net)                                   1         0.00       5.15 f
  U2923/CI (FAHHDMX)                                      0.00       5.15 f
  U2923/CO (FAHHDMX)                                      0.16       5.31 f
  n2317 (net)                                   1         0.00       5.31 f
  U1903/CI (FAHHDLX)                                      0.00       5.31 f
  U1903/CO (FAHHDLX)                                      0.18       5.49 f
  n2502 (net)                                   1         0.00       5.49 f
  U1906/CI (FAHHDLX)                                      0.00       5.49 f
  U1906/CO (FAHHDLX)                                      0.18       5.67 f
  n2625 (net)                                   1         0.00       5.67 f
  U3113/CI (FAHHDMX)                                      0.00       5.67 f
  U3113/CO (FAHHDMX)                                      0.16       5.83 f
  n2674 (net)                                   1         0.00       5.83 f
  U3130/CI (FAHHDMX)                                      0.00       5.83 f
  U3130/CO (FAHHDMX)                                      0.16       5.99 f
  n2694 (net)                                   1         0.00       5.99 f
  U3138/CI (FAHHDMX)                                      0.00       5.99 f
  U3138/CO (FAHHDMX)                                      0.16       6.16 f
  n2716 (net)                                   1         0.00       6.16 f
  U3148/CI (FAHHDMX)                                      0.00       6.16 f
  U3148/CO (FAHHDMX)                                      0.16       6.32 f
  n2531 (net)                                   1         0.00       6.32 f
  U3080/CI (FAHHDMX)                                      0.00       6.32 f
  U3080/CO (FAHHDMX)                                      0.16       6.48 f
  n2561 (net)                                   1         0.00       6.48 f
  U3090/CI (FAHHDMX)                                      0.00       6.48 f
  U3090/CO (FAHHDMX)                                      0.16       6.64 f
  n2592 (net)                                   1         0.00       6.64 f
  U3099/CI (FAHHDMX)                                      0.00       6.64 f
  U3099/CO (FAHHDMX)                                      0.16       6.81 f
  n2648 (net)                                   1         0.00       6.81 f
  U3123/CI (FAHHDMX)                                      0.00       6.81 f
  U3123/CO (FAHHDMX)                                      0.16       6.97 f
  n2744 (net)                                   1         0.00       6.97 f
  U1961/CI (FAHHDLX)                                      0.00       6.97 f
  U1961/CO (FAHHDLX)                                      0.18       7.15 f
  n2767 (net)                                   1         0.00       7.15 f
  U3164/CI (FAHHDMX)                                      0.00       7.15 f
  U3164/CO (FAHHDMX)                                      0.16       7.31 f
  n2792 (net)                                   1         0.00       7.31 f
  U3172/CI (FAHHDMX)                                      0.00       7.31 f
  U3172/CO (FAHHDMX)                                      0.16       7.47 f
  n2818 (net)                                   1         0.00       7.47 f
  U3182/CI (FAHHDMX)                                      0.00       7.47 f
  U3182/CO (FAHHDMX)                                      0.16       7.63 f
  n2853 (net)                                   1         0.00       7.63 f
  U1952/CI (FAHHDLX)                                      0.00       7.63 f
  U1952/CO (FAHHDLX)                                      0.18       7.81 f
  n2891 (net)                                   1         0.00       7.81 f
  U3207/CI (FAHHDMX)                                      0.00       7.81 f
  U3207/CO (FAHHDMX)                                      0.16       7.98 f
  n2925 (net)                                   1         0.00       7.98 f
  U3213/CI (FAHHD1X)                                      0.00       7.98 f
  U3213/S (FAHHD1X)                                       0.21       8.18 r
  n2905 (net)                                   1         0.00       8.18 r
  U1990/B (AOI211HDLX)                                    0.00       8.18 r
  U1990/Z (AOI211HDLX)                                    0.18       8.36 f
  n3126 (net)                                   2         0.00       8.36 f
  U3328/D (OAI22HD1X)                                     0.00       8.36 f
  U3328/Z (OAI22HD1X)                                     0.23       8.60 r
  redirect_pc[30] (net)                         1         0.00       8.60 r
  u_if_stage/redirect_pc[30] (if_stage_00000000)          0.00       8.60 r
  u_if_stage/redirect_pc[30] (net)                        0.00       8.60 r
  u_if_stage/U196/A (NAND2HD1X)                           0.00       8.60 r
  u_if_stage/U196/Z (NAND2HD1X)                           0.06       8.66 f
  u_if_stage/n242 (net)                         1         0.00       8.66 f
  u_if_stage/U197/E (OAI221HDLX)                          0.00       8.66 f
  u_if_stage/U197/Z (OAI221HDLX)                          0.19       8.85 r
  u_if_stage/n168 (net)                         1         0.00       8.85 r
  u_if_stage/pc_reg[30]/D (FFDQRHDMX)                     0.00       8.85 r
  data arrival time                                                  8.85

  clock clk (rise edge)                                  10.00      10.00
  clock network delay (ideal)                             0.00      10.00
  clock uncertainty                                      -1.00       9.00
  u_if_stage/pc_reg[30]/CK (FFDQRHDMX)                    0.00       9.00 r
  library setup time                                     -0.11       8.89
  data required time                                                 8.89
  --------------------------------------------------------------------------
  data required time                                                 8.89
  data arrival time                                                 -8.85
  --------------------------------------------------------------------------
  slack (MET)                                                        0.04


  Startpoint: u_ex_stage/ex_mem_rd_reg[3]
              (rising edge-triggered flip-flop clocked by clk)
  Endpoint: u_if_stage/if1_pc_q_reg[14]
            (rising edge-triggered flip-flop clocked by clk)
  Path Group: clk
  Path Type: max

  Des/Clust/Port     Wire Load Model       Library
  ------------------------------------------------
  regfile            reference_area_100000 smic13_tt
  pipeline_control_0 reference_area_20000  smic13_tt
  mem_stage          reference_area_20000  smic13_tt
  id_stage           reference_area_100000 smic13_tt
  cpu_core           reference_area_1000000
                                           smic13_tt
  if_stage_00000000  reference_area_20000  smic13_tt
  forwarding_unit    reference_area_20000  smic13_tt

  Point                                       Fanout      Incr       Path
  --------------------------------------------------------------------------
  clock clk (rise edge)                                   0.00       0.00
  clock network delay (ideal)                             0.00       0.00
  u_ex_stage/ex_mem_rd_reg[3]/CK (FFDQRHD1X)              0.00 #     0.00 r
  u_ex_stage/ex_mem_rd_reg[3]/Q (FFDQRHD1X)               0.30       0.30 r
  ex_mem_rd[3] (net)                            4         0.00       0.30 r
  u_ex_stage/u_forwarding_unit/mem_rd[3] (forwarding_unit)
                                                          0.00       0.30 r
  u_ex_stage/u_forwarding_unit/mem_rd[3] (net)            0.00       0.30 r
  u_ex_stage/u_forwarding_unit/U7/A (INVHDPX)             0.00       0.30 r
  u_ex_stage/u_forwarding_unit/U7/Z (INVHDPX)             0.10       0.40 f
  u_ex_stage/u_forwarding_unit/n28 (net)        4         0.00       0.40 f
  u_ex_stage/u_forwarding_unit/U30/A (OAI22HDLX)          0.00       0.40 f
  u_ex_stage/u_forwarding_unit/U30/Z (OAI22HDLX)          0.25       0.65 r
  u_ex_stage/u_forwarding_unit/n26 (net)        1         0.00       0.65 r
  u_ex_stage/u_forwarding_unit/U50/E (AOI221HDLX)         0.00       0.65 r
  u_ex_stage/u_forwarding_unit/U50/Z (AOI221HDLX)         0.10       0.75 f
  u_ex_stage/u_forwarding_unit/n29 (net)        1         0.00       0.75 f
  u_ex_stage/u_forwarding_unit/U12/C (OAI21HDLX)          0.00       0.75 f
  u_ex_stage/u_forwarding_unit/U12/Z (OAI21HDLX)          0.15       0.90 r
  u_ex_stage/u_forwarding_unit/n30 (net)        1         0.00       0.90 r
  u_ex_stage/u_forwarding_unit/U51/D (AOI211HDLX)         0.00       0.90 r
  u_ex_stage/u_forwarding_unit/U51/Z (AOI211HDLX)         0.09       0.99 f
  u_ex_stage/u_forwarding_unit/n33 (net)        1         0.00       0.99 f
  u_ex_stage/u_forwarding_unit/U5/C (OAI21HDMX)           0.00       0.99 f
  u_ex_stage/u_forwarding_unit/U5/Z (OAI21HDMX)           0.12       1.11 r
  u_ex_stage/u_forwarding_unit/n34 (net)        1         0.00       1.11 r
  u_ex_stage/u_forwarding_unit/U4/D (AOI211HDLX)          0.00       1.11 r
  u_ex_stage/u_forwarding_unit/U4/Z (AOI211HDLX)          0.12       1.23 f
  u_ex_stage/u_forwarding_unit/n51 (net)        2         0.00       1.23 f
  u_ex_stage/u_forwarding_unit/U24/AN (NOR2B1HD1X)        0.00       1.23 f
  u_ex_stage/u_forwarding_unit/U24/Z (NOR2B1HD1X)         0.22       1.45 f
  u_ex_stage/u_forwarding_unit/forward_b[1] (net)
                                                2         0.00       1.45 f
  u_ex_stage/u_forwarding_unit/forward_b[1] (forwarding_unit)
                                                          0.00       1.45 f
  u_ex_stage/forward_b[1] (net)                           0.00       1.45 f
  U1345/A (INVHDMX)                                       0.00       1.45 f
  U1345/Z (INVHDMX)                                       0.12       1.57 r
  n1167 (net)                                   1         0.00       1.57 r
  U1689/B (NAND2HD1X)                                     0.00       1.57 r
  U1689/Z (NAND2HD1X)                                     0.07       1.63 f
  n1168 (net)                                   1         0.00       1.63 f
  U1343/A (BUFHD3X)                                       0.00       1.63 f
  U1343/Z (BUFHD3X)                                       0.17       1.80 f
  n1414 (net)                                  12         0.00       1.80 f
  U2169/A (INVHD1X)                                       0.00       1.80 f
  U2169/Z (INVHD1X)                                       0.69       2.50 r
  n1482 (net)                                  22         0.00       2.50 r
  U1549/B (AOI21HDLX)                                     0.00       2.50 r
  U1549/Z (AOI21HDLX)                                     0.14       2.63 f
  n1186 (net)                                   1         0.00       2.63 f
  U1292/B (NAND2HDUX)                                     0.00       2.63 f
  U1292/Z (NAND2HDUX)                                     0.92       3.55 r
  n2977 (net)                                   7         0.00       3.55 r
  U2286/AN (NOR2B1HDLX)                                   0.00       3.55 r
  U2286/Z (NOR2B1HDLX)                                    0.26       3.81 r
  n1530 (net)                                   2         0.00       3.81 r
  U1260/A (INVHDUX)                                       0.00       3.81 r
  U1260/Z (INVHDUX)                                       0.10       3.91 f
  n1521 (net)                                   1         0.00       3.91 f
  U2287/B (NAND2HDUX)                                     0.00       3.91 f
  U2287/Z (NAND2HDUX)                                     0.20       4.11 r
  n1523 (net)                                   1         0.00       4.11 r
  U2288/B (OAI22HDMX)                                     0.00       4.11 r
  U2288/Z (OAI22HDMX)                                     0.19       4.31 f
  n1581 (net)                                   2         0.00       4.31 f
  U2290/C (AOI211HDLX)                                    0.00       4.31 f
  U2290/Z (AOI211HDLX)                                    0.30       4.61 r
  n1533 (net)                                   2         0.00       4.61 r
  U2292/A (NAND2HDUX)                                     0.00       4.61 r
  U2292/Z (NAND2HDUX)                                     0.14       4.75 f
  n1582 (net)                                   1         0.00       4.75 f
  U2320/B (OAI222HDLX)                                    0.00       4.75 f
  U2320/Z (OAI222HDLX)                                    0.47       5.22 r
  n1703 (net)                                   2         0.00       5.22 r
  U2383/D (NAND4B1HDLX)                                   0.00       5.22 r
  U2383/Z (NAND4B1HDLX)                                   0.20       5.42 f
  n1706 (net)                                   1         0.00       5.42 f
  U2384/E (OAI221HDLX)                                    0.00       5.42 f
  U2384/Z (OAI221HDLX)                                    0.27       5.69 r
  n1711 (net)                                   1         0.00       5.69 r
  U2385/B (OAI21HDMX)                                     0.00       5.69 r
  U2385/Z (OAI21HDMX)                                     0.12       5.81 f
  n1712 (net)                                   1         0.00       5.81 f
  U1375/A (INVHDPX)                                       0.00       5.81 f
  U1375/Z (INVHDPX)                                       0.08       5.88 r
  n1713 (net)                                   1         0.00       5.88 r
  U2386/C (OAI21HDMX)                                     0.00       5.88 r
  U2386/Z (OAI21HDMX)                                     0.09       5.97 f
  n1715 (net)                                   1         0.00       5.97 f
  U1370/B (NAND2HD1X)                                     0.00       5.97 f
  U1370/Z (NAND2HD1X)                                     0.09       6.07 r
  n1716 (net)                                   1         0.00       6.07 r
  U2387/D (NAND4HDMX)                                     0.00       6.07 r
  U2387/Z (NAND4HDMX)                                     0.10       6.17 f
  n1719 (net)                                   1         0.00       6.17 f
  U1367/B (NAND2HD1X)                                     0.00       6.17 f
  U1367/Z (NAND2HD1X)                                     0.09       6.25 r
  n1721 (net)                                   1         0.00       6.25 r
  U1363/B (NAND2HD1X)                                     0.00       6.25 r
  U1363/Z (NAND2HD1X)                                     0.12       6.37 f
  n956 (net)                                    3         0.00       6.37 f
  u_pipeline_control/redirect_valid_BAR (pipeline_control_0)
                                                          0.00       6.37 f
  u_pipeline_control/redirect_valid (net)                 0.00       6.37 f
  u_pipeline_control/U9/A (NAND2HD1X)                     0.00       6.37 f
  u_pipeline_control/U9/Z (NAND2HD1X)                     0.18       6.55 r
  u_pipeline_control/n8 (net)                   4         0.00       6.55 r
  u_pipeline_control/U6/C (AOI21HDMX)                     0.00       6.55 r
  u_pipeline_control/U6/Z (AOI21HDMX)                     0.16       6.70 f
  u_pipeline_control/pc_en (net)                2         0.00       6.70 f
  u_pipeline_control/pc_en (pipeline_control_0)           0.00       6.70 f
  pc_en (net)                                             0.00       6.70 f
  u_if_stage/pc_en (if_stage_00000000)                    0.00       6.70 f
  u_if_stage/pc_en (net)                                  0.00       6.70 f
  u_if_stage/U5/A (INVHDUX)                               0.00       6.70 f
  u_if_stage/U5/Z (INVHDUX)                               1.03       7.73 r
  u_if_stage/imem_en_BAR (net)                 11         0.00       7.73 r
  u_if_stage/U204/A (INVHD1X)                             0.00       7.73 r
  u_if_stage/U204/Z (INVHD1X)                             0.76       8.49 f
  u_if_stage/n272 (net)                        30         0.00       8.49 f
  u_if_stage/U72/BN (AOI22B2HDLX)                         0.00       8.49 f
  u_if_stage/U72/Z (AOI22B2HDLX)                          0.28       8.77 f
  u_if_stage/n146 (net)                         1         0.00       8.77 f
  u_if_stage/if1_pc_q_reg[14]/D (FFDQRHDMX)               0.00       8.77 f
  data arrival time                                                  8.77

  clock clk (rise edge)                                  10.00      10.00
  clock network delay (ideal)                             0.00      10.00
  clock uncertainty                                      -1.00       9.00
  u_if_stage/if1_pc_q_reg[14]/CK (FFDQRHDMX)              0.00       9.00 r
  library setup time                                     -0.17       8.83
  data required time                                                 8.83
  --------------------------------------------------------------------------
  data required time                                                 8.83
  data arrival time                                                 -8.77
  --------------------------------------------------------------------------
  slack (MET)                                                        0.06


  Startpoint: u_ex_stage/ex_mem_rd_reg[3]
              (rising edge-triggered flip-flop clocked by clk)
  Endpoint: u_if_stage/if1_pc_q_reg[19]
            (rising edge-triggered flip-flop clocked by clk)
  Path Group: clk
  Path Type: max

  Des/Clust/Port     Wire Load Model       Library
  ------------------------------------------------
  regfile            reference_area_100000 smic13_tt
  pipeline_control_0 reference_area_20000  smic13_tt
  mem_stage          reference_area_20000  smic13_tt
  id_stage           reference_area_100000 smic13_tt
  cpu_core           reference_area_1000000
                                           smic13_tt
  if_stage_00000000  reference_area_20000  smic13_tt
  forwarding_unit    reference_area_20000  smic13_tt

  Point                                       Fanout      Incr       Path
  --------------------------------------------------------------------------
  clock clk (rise edge)                                   0.00       0.00
  clock network delay (ideal)                             0.00       0.00
  u_ex_stage/ex_mem_rd_reg[3]/CK (FFDQRHD1X)              0.00 #     0.00 r
  u_ex_stage/ex_mem_rd_reg[3]/Q (FFDQRHD1X)               0.30       0.30 r
  ex_mem_rd[3] (net)                            4         0.00       0.30 r
  u_ex_stage/u_forwarding_unit/mem_rd[3] (forwarding_unit)
                                                          0.00       0.30 r
  u_ex_stage/u_forwarding_unit/mem_rd[3] (net)            0.00       0.30 r
  u_ex_stage/u_forwarding_unit/U7/A (INVHDPX)             0.00       0.30 r
  u_ex_stage/u_forwarding_unit/U7/Z (INVHDPX)             0.10       0.40 f
  u_ex_stage/u_forwarding_unit/n28 (net)        4         0.00       0.40 f
  u_ex_stage/u_forwarding_unit/U30/A (OAI22HDLX)          0.00       0.40 f
  u_ex_stage/u_forwarding_unit/U30/Z (OAI22HDLX)          0.25       0.65 r
  u_ex_stage/u_forwarding_unit/n26 (net)        1         0.00       0.65 r
  u_ex_stage/u_forwarding_unit/U50/E (AOI221HDLX)         0.00       0.65 r
  u_ex_stage/u_forwarding_unit/U50/Z (AOI221HDLX)         0.10       0.75 f
  u_ex_stage/u_forwarding_unit/n29 (net)        1         0.00       0.75 f
  u_ex_stage/u_forwarding_unit/U12/C (OAI21HDLX)          0.00       0.75 f
  u_ex_stage/u_forwarding_unit/U12/Z (OAI21HDLX)          0.15       0.90 r
  u_ex_stage/u_forwarding_unit/n30 (net)        1         0.00       0.90 r
  u_ex_stage/u_forwarding_unit/U51/D (AOI211HDLX)         0.00       0.90 r
  u_ex_stage/u_forwarding_unit/U51/Z (AOI211HDLX)         0.09       0.99 f
  u_ex_stage/u_forwarding_unit/n33 (net)        1         0.00       0.99 f
  u_ex_stage/u_forwarding_unit/U5/C (OAI21HDMX)           0.00       0.99 f
  u_ex_stage/u_forwarding_unit/U5/Z (OAI21HDMX)           0.12       1.11 r
  u_ex_stage/u_forwarding_unit/n34 (net)        1         0.00       1.11 r
  u_ex_stage/u_forwarding_unit/U4/D (AOI211HDLX)          0.00       1.11 r
  u_ex_stage/u_forwarding_unit/U4/Z (AOI211HDLX)          0.12       1.23 f
  u_ex_stage/u_forwarding_unit/n51 (net)        2         0.00       1.23 f
  u_ex_stage/u_forwarding_unit/U24/AN (NOR2B1HD1X)        0.00       1.23 f
  u_ex_stage/u_forwarding_unit/U24/Z (NOR2B1HD1X)         0.22       1.45 f
  u_ex_stage/u_forwarding_unit/forward_b[1] (net)
                                                2         0.00       1.45 f
  u_ex_stage/u_forwarding_unit/forward_b[1] (forwarding_unit)
                                                          0.00       1.45 f
  u_ex_stage/forward_b[1] (net)                           0.00       1.45 f
  U1345/A (INVHDMX)                                       0.00       1.45 f
  U1345/Z (INVHDMX)                                       0.12       1.57 r
  n1167 (net)                                   1         0.00       1.57 r
  U1689/B (NAND2HD1X)                                     0.00       1.57 r
  U1689/Z (NAND2HD1X)                                     0.07       1.63 f
  n1168 (net)                                   1         0.00       1.63 f
  U1343/A (BUFHD3X)                                       0.00       1.63 f
  U1343/Z (BUFHD3X)                                       0.17       1.80 f
  n1414 (net)                                  12         0.00       1.80 f
  U2169/A (INVHD1X)                                       0.00       1.80 f
  U2169/Z (INVHD1X)                                       0.69       2.50 r
  n1482 (net)                                  22         0.00       2.50 r
  U1549/B (AOI21HDLX)                                     0.00       2.50 r
  U1549/Z (AOI21HDLX)                                     0.14       2.63 f
  n1186 (net)                                   1         0.00       2.63 f
  U1292/B (NAND2HDUX)                                     0.00       2.63 f
  U1292/Z (NAND2HDUX)                                     0.92       3.55 r
  n2977 (net)                                   7         0.00       3.55 r
  U2286/AN (NOR2B1HDLX)                                   0.00       3.55 r
  U2286/Z (NOR2B1HDLX)                                    0.26       3.81 r
  n1530 (net)                                   2         0.00       3.81 r
  U1260/A (INVHDUX)                                       0.00       3.81 r
  U1260/Z (INVHDUX)                                       0.10       3.91 f
  n1521 (net)                                   1         0.00       3.91 f
  U2287/B (NAND2HDUX)                                     0.00       3.91 f
  U2287/Z (NAND2HDUX)                                     0.20       4.11 r
  n1523 (net)                                   1         0.00       4.11 r
  U2288/B (OAI22HDMX)                                     0.00       4.11 r
  U2288/Z (OAI22HDMX)                                     0.19       4.31 f
  n1581 (net)                                   2         0.00       4.31 f
  U2290/C (AOI211HDLX)                                    0.00       4.31 f
  U2290/Z (AOI211HDLX)                                    0.30       4.61 r
  n1533 (net)                                   2         0.00       4.61 r
  U2292/A (NAND2HDUX)                                     0.00       4.61 r
  U2292/Z (NAND2HDUX)                                     0.14       4.75 f
  n1582 (net)                                   1         0.00       4.75 f
  U2320/B (OAI222HDLX)                                    0.00       4.75 f
  U2320/Z (OAI222HDLX)                                    0.47       5.22 r
  n1703 (net)                                   2         0.00       5.22 r
  U2383/D (NAND4B1HDLX)                                   0.00       5.22 r
  U2383/Z (NAND4B1HDLX)                                   0.20       5.42 f
  n1706 (net)                                   1         0.00       5.42 f
  U2384/E (OAI221HDLX)                                    0.00       5.42 f
  U2384/Z (OAI221HDLX)                                    0.27       5.69 r
  n1711 (net)                                   1         0.00       5.69 r
  U2385/B (OAI21HDMX)                                     0.00       5.69 r
  U2385/Z (OAI21HDMX)                                     0.12       5.81 f
  n1712 (net)                                   1         0.00       5.81 f
  U1375/A (INVHDPX)                                       0.00       5.81 f
  U1375/Z (INVHDPX)                                       0.08       5.88 r
  n1713 (net)                                   1         0.00       5.88 r
  U2386/C (OAI21HDMX)                                     0.00       5.88 r
  U2386/Z (OAI21HDMX)                                     0.09       5.97 f
  n1715 (net)                                   1         0.00       5.97 f
  U1370/B (NAND2HD1X)                                     0.00       5.97 f
  U1370/Z (NAND2HD1X)                                     0.09       6.07 r
  n1716 (net)                                   1         0.00       6.07 r
  U2387/D (NAND4HDMX)                                     0.00       6.07 r
  U2387/Z (NAND4HDMX)                                     0.10       6.17 f
  n1719 (net)                                   1         0.00       6.17 f
  U1367/B (NAND2HD1X)                                     0.00       6.17 f
  U1367/Z (NAND2HD1X)                                     0.09       6.25 r
  n1721 (net)                                   1         0.00       6.25 r
  U1363/B (NAND2HD1X)                                     0.00       6.25 r
  U1363/Z (NAND2HD1X)                                     0.12       6.37 f
  n956 (net)                                    3         0.00       6.37 f
  u_pipeline_control/redirect_valid_BAR (pipeline_control_0)
                                                          0.00       6.37 f
  u_pipeline_control/redirect_valid (net)                 0.00       6.37 f
  u_pipeline_control/U9/A (NAND2HD1X)                     0.00       6.37 f
  u_pipeline_control/U9/Z (NAND2HD1X)                     0.18       6.55 r
  u_pipeline_control/n8 (net)                   4         0.00       6.55 r
  u_pipeline_control/U6/C (AOI21HDMX)                     0.00       6.55 r
  u_pipeline_control/U6/Z (AOI21HDMX)                     0.16       6.70 f
  u_pipeline_control/pc_en (net)                2         0.00       6.70 f
  u_pipeline_control/pc_en (pipeline_control_0)           0.00       6.70 f
  pc_en (net)                                             0.00       6.70 f
  u_if_stage/pc_en (if_stage_00000000)                    0.00       6.70 f
  u_if_stage/pc_en (net)                                  0.00       6.70 f
  u_if_stage/U5/A (INVHDUX)                               0.00       6.70 f
  u_if_stage/U5/Z (INVHDUX)                               1.03       7.73 r
  u_if_stage/imem_en_BAR (net)                 11         0.00       7.73 r
  u_if_stage/U204/A (INVHD1X)                             0.00       7.73 r
  u_if_stage/U204/Z (INVHD1X)                             0.76       8.49 f
  u_if_stage/n272 (net)                        30         0.00       8.49 f
  u_if_stage/U94/BN (AOI22B2HDLX)                         0.00       8.49 f
  u_if_stage/U94/Z (AOI22B2HDLX)                          0.28       8.77 f
  u_if_stage/n151 (net)                         1         0.00       8.77 f
  u_if_stage/if1_pc_q_reg[19]/D (FFDQRHDMX)               0.00       8.77 f
  data arrival time                                                  8.77

  clock clk (rise edge)                                  10.00      10.00
  clock network delay (ideal)                             0.00      10.00
  clock uncertainty                                      -1.00       9.00
  u_if_stage/if1_pc_q_reg[19]/CK (FFDQRHDMX)              0.00       9.00 r
  library setup time                                     -0.17       8.83
  data required time                                                 8.83
  --------------------------------------------------------------------------
  data required time                                                 8.83
  data arrival time                                                 -8.77
  --------------------------------------------------------------------------
  slack (MET)                                                        0.06


  Startpoint: u_ex_stage/ex_mem_rd_reg[3]
              (rising edge-triggered flip-flop clocked by clk)
  Endpoint: u_if_stage/if1_pc_q_reg[18]
            (rising edge-triggered flip-flop clocked by clk)
  Path Group: clk
  Path Type: max

  Des/Clust/Port     Wire Load Model       Library
  ------------------------------------------------
  regfile            reference_area_100000 smic13_tt
  pipeline_control_0 reference_area_20000  smic13_tt
  mem_stage          reference_area_20000  smic13_tt
  id_stage           reference_area_100000 smic13_tt
  cpu_core           reference_area_1000000
                                           smic13_tt
  if_stage_00000000  reference_area_20000  smic13_tt
  forwarding_unit    reference_area_20000  smic13_tt

  Point                                       Fanout      Incr       Path
  --------------------------------------------------------------------------
  clock clk (rise edge)                                   0.00       0.00
  clock network delay (ideal)                             0.00       0.00
  u_ex_stage/ex_mem_rd_reg[3]/CK (FFDQRHD1X)              0.00 #     0.00 r
  u_ex_stage/ex_mem_rd_reg[3]/Q (FFDQRHD1X)               0.30       0.30 r
  ex_mem_rd[3] (net)                            4         0.00       0.30 r
  u_ex_stage/u_forwarding_unit/mem_rd[3] (forwarding_unit)
                                                          0.00       0.30 r
  u_ex_stage/u_forwarding_unit/mem_rd[3] (net)            0.00       0.30 r
  u_ex_stage/u_forwarding_unit/U7/A (INVHDPX)             0.00       0.30 r
  u_ex_stage/u_forwarding_unit/U7/Z (INVHDPX)             0.10       0.40 f
  u_ex_stage/u_forwarding_unit/n28 (net)        4         0.00       0.40 f
  u_ex_stage/u_forwarding_unit/U30/A (OAI22HDLX)          0.00       0.40 f
  u_ex_stage/u_forwarding_unit/U30/Z (OAI22HDLX)          0.25       0.65 r
  u_ex_stage/u_forwarding_unit/n26 (net)        1         0.00       0.65 r
  u_ex_stage/u_forwarding_unit/U50/E (AOI221HDLX)         0.00       0.65 r
  u_ex_stage/u_forwarding_unit/U50/Z (AOI221HDLX)         0.10       0.75 f
  u_ex_stage/u_forwarding_unit/n29 (net)        1         0.00       0.75 f
  u_ex_stage/u_forwarding_unit/U12/C (OAI21HDLX)          0.00       0.75 f
  u_ex_stage/u_forwarding_unit/U12/Z (OAI21HDLX)          0.15       0.90 r
  u_ex_stage/u_forwarding_unit/n30 (net)        1         0.00       0.90 r
  u_ex_stage/u_forwarding_unit/U51/D (AOI211HDLX)         0.00       0.90 r
  u_ex_stage/u_forwarding_unit/U51/Z (AOI211HDLX)         0.09       0.99 f
  u_ex_stage/u_forwarding_unit/n33 (net)        1         0.00       0.99 f
  u_ex_stage/u_forwarding_unit/U5/C (OAI21HDMX)           0.00       0.99 f
  u_ex_stage/u_forwarding_unit/U5/Z (OAI21HDMX)           0.12       1.11 r
  u_ex_stage/u_forwarding_unit/n34 (net)        1         0.00       1.11 r
  u_ex_stage/u_forwarding_unit/U4/D (AOI211HDLX)          0.00       1.11 r
  u_ex_stage/u_forwarding_unit/U4/Z (AOI211HDLX)          0.12       1.23 f
  u_ex_stage/u_forwarding_unit/n51 (net)        2         0.00       1.23 f
  u_ex_stage/u_forwarding_unit/U24/AN (NOR2B1HD1X)        0.00       1.23 f
  u_ex_stage/u_forwarding_unit/U24/Z (NOR2B1HD1X)         0.22       1.45 f
  u_ex_stage/u_forwarding_unit/forward_b[1] (net)
                                                2         0.00       1.45 f
  u_ex_stage/u_forwarding_unit/forward_b[1] (forwarding_unit)
                                                          0.00       1.45 f
  u_ex_stage/forward_b[1] (net)                           0.00       1.45 f
  U1345/A (INVHDMX)                                       0.00       1.45 f
  U1345/Z (INVHDMX)                                       0.12       1.57 r
  n1167 (net)                                   1         0.00       1.57 r
  U1689/B (NAND2HD1X)                                     0.00       1.57 r
  U1689/Z (NAND2HD1X)                                     0.07       1.63 f
  n1168 (net)                                   1         0.00       1.63 f
  U1343/A (BUFHD3X)                                       0.00       1.63 f
  U1343/Z (BUFHD3X)                                       0.17       1.80 f
  n1414 (net)                                  12         0.00       1.80 f
  U2169/A (INVHD1X)                                       0.00       1.80 f
  U2169/Z (INVHD1X)                                       0.69       2.50 r
  n1482 (net)                                  22         0.00       2.50 r
  U1549/B (AOI21HDLX)                                     0.00       2.50 r
  U1549/Z (AOI21HDLX)                                     0.14       2.63 f
  n1186 (net)                                   1         0.00       2.63 f
  U1292/B (NAND2HDUX)                                     0.00       2.63 f
  U1292/Z (NAND2HDUX)                                     0.92       3.55 r
  n2977 (net)                                   7         0.00       3.55 r
  U2286/AN (NOR2B1HDLX)                                   0.00       3.55 r
  U2286/Z (NOR2B1HDLX)                                    0.26       3.81 r
  n1530 (net)                                   2         0.00       3.81 r
  U1260/A (INVHDUX)                                       0.00       3.81 r
  U1260/Z (INVHDUX)                                       0.10       3.91 f
  n1521 (net)                                   1         0.00       3.91 f
  U2287/B (NAND2HDUX)                                     0.00       3.91 f
  U2287/Z (NAND2HDUX)                                     0.20       4.11 r
  n1523 (net)                                   1         0.00       4.11 r
  U2288/B (OAI22HDMX)                                     0.00       4.11 r
  U2288/Z (OAI22HDMX)                                     0.19       4.31 f
  n1581 (net)                                   2         0.00       4.31 f
  U2290/C (AOI211HDLX)                                    0.00       4.31 f
  U2290/Z (AOI211HDLX)                                    0.30       4.61 r
  n1533 (net)                                   2         0.00       4.61 r
  U2292/A (NAND2HDUX)                                     0.00       4.61 r
  U2292/Z (NAND2HDUX)                                     0.14       4.75 f
  n1582 (net)                                   1         0.00       4.75 f
  U2320/B (OAI222HDLX)                                    0.00       4.75 f
  U2320/Z (OAI222HDLX)                                    0.47       5.22 r
  n1703 (net)                                   2         0.00       5.22 r
  U2383/D (NAND4B1HDLX)                                   0.00       5.22 r
  U2383/Z (NAND4B1HDLX)                                   0.20       5.42 f
  n1706 (net)                                   1         0.00       5.42 f
  U2384/E (OAI221HDLX)                                    0.00       5.42 f
  U2384/Z (OAI221HDLX)                                    0.27       5.69 r
  n1711 (net)                                   1         0.00       5.69 r
  U2385/B (OAI21HDMX)                                     0.00       5.69 r
  U2385/Z (OAI21HDMX)                                     0.12       5.81 f
  n1712 (net)                                   1         0.00       5.81 f
  U1375/A (INVHDPX)                                       0.00       5.81 f
  U1375/Z (INVHDPX)                                       0.08       5.88 r
  n1713 (net)                                   1         0.00       5.88 r
  U2386/C (OAI21HDMX)                                     0.00       5.88 r
  U2386/Z (OAI21HDMX)                                     0.09       5.97 f
  n1715 (net)                                   1         0.00       5.97 f
  U1370/B (NAND2HD1X)                                     0.00       5.97 f
  U1370/Z (NAND2HD1X)                                     0.09       6.07 r
  n1716 (net)                                   1         0.00       6.07 r
  U2387/D (NAND4HDMX)                                     0.00       6.07 r
  U2387/Z (NAND4HDMX)                                     0.10       6.17 f
  n1719 (net)                                   1         0.00       6.17 f
  U1367/B (NAND2HD1X)                                     0.00       6.17 f
  U1367/Z (NAND2HD1X)                                     0.09       6.25 r
  n1721 (net)                                   1         0.00       6.25 r
  U1363/B (NAND2HD1X)                                     0.00       6.25 r
  U1363/Z (NAND2HD1X)                                     0.12       6.37 f
  n956 (net)                                    3         0.00       6.37 f
  u_pipeline_control/redirect_valid_BAR (pipeline_control_0)
                                                          0.00       6.37 f
  u_pipeline_control/redirect_valid (net)                 0.00       6.37 f
  u_pipeline_control/U9/A (NAND2HD1X)                     0.00       6.37 f
  u_pipeline_control/U9/Z (NAND2HD1X)                     0.18       6.55 r
  u_pipeline_control/n8 (net)                   4         0.00       6.55 r
  u_pipeline_control/U6/C (AOI21HDMX)                     0.00       6.55 r
  u_pipeline_control/U6/Z (AOI21HDMX)                     0.16       6.70 f
  u_pipeline_control/pc_en (net)                2         0.00       6.70 f
  u_pipeline_control/pc_en (pipeline_control_0)           0.00       6.70 f
  pc_en (net)                                             0.00       6.70 f
  u_if_stage/pc_en (if_stage_00000000)                    0.00       6.70 f
  u_if_stage/pc_en (net)                                  0.00       6.70 f
  u_if_stage/U5/A (INVHDUX)                               0.00       6.70 f
  u_if_stage/U5/Z (INVHDUX)                               1.03       7.73 r
  u_if_stage/imem_en_BAR (net)                 11         0.00       7.73 r
  u_if_stage/U204/A (INVHD1X)                             0.00       7.73 r
  u_if_stage/U204/Z (INVHD1X)                             0.76       8.49 f
  u_if_stage/n272 (net)                        30         0.00       8.49 f
  u_if_stage/U93/BN (AOI22B2HDLX)                         0.00       8.49 f
  u_if_stage/U93/Z (AOI22B2HDLX)                          0.28       8.77 f
  u_if_stage/n150 (net)                         1         0.00       8.77 f
  u_if_stage/if1_pc_q_reg[18]/D (FFDQRHDMX)               0.00       8.77 f
  data arrival time                                                  8.77

  clock clk (rise edge)                                  10.00      10.00
  clock network delay (ideal)                             0.00      10.00
  clock uncertainty                                      -1.00       9.00
  u_if_stage/if1_pc_q_reg[18]/CK (FFDQRHDMX)              0.00       9.00 r
  library setup time                                     -0.17       8.83
  data required time                                                 8.83
  --------------------------------------------------------------------------
  data required time                                                 8.83
  data arrival time                                                 -8.77
  --------------------------------------------------------------------------
  slack (MET)                                                        0.06


  Startpoint: u_ex_stage/ex_mem_rd_reg[3]
              (rising edge-triggered flip-flop clocked by clk)
  Endpoint: u_if_stage/if1_pc_q_reg[15]
            (rising edge-triggered flip-flop clocked by clk)
  Path Group: clk
  Path Type: max

  Des/Clust/Port     Wire Load Model       Library
  ------------------------------------------------
  regfile            reference_area_100000 smic13_tt
  pipeline_control_0 reference_area_20000  smic13_tt
  mem_stage          reference_area_20000  smic13_tt
  id_stage           reference_area_100000 smic13_tt
  cpu_core           reference_area_1000000
                                           smic13_tt
  if_stage_00000000  reference_area_20000  smic13_tt
  forwarding_unit    reference_area_20000  smic13_tt

  Point                                       Fanout      Incr       Path
  --------------------------------------------------------------------------
  clock clk (rise edge)                                   0.00       0.00
  clock network delay (ideal)                             0.00       0.00
  u_ex_stage/ex_mem_rd_reg[3]/CK (FFDQRHD1X)              0.00 #     0.00 r
  u_ex_stage/ex_mem_rd_reg[3]/Q (FFDQRHD1X)               0.30       0.30 r
  ex_mem_rd[3] (net)                            4         0.00       0.30 r
  u_ex_stage/u_forwarding_unit/mem_rd[3] (forwarding_unit)
                                                          0.00       0.30 r
  u_ex_stage/u_forwarding_unit/mem_rd[3] (net)            0.00       0.30 r
  u_ex_stage/u_forwarding_unit/U7/A (INVHDPX)             0.00       0.30 r
  u_ex_stage/u_forwarding_unit/U7/Z (INVHDPX)             0.10       0.40 f
  u_ex_stage/u_forwarding_unit/n28 (net)        4         0.00       0.40 f
  u_ex_stage/u_forwarding_unit/U30/A (OAI22HDLX)          0.00       0.40 f
  u_ex_stage/u_forwarding_unit/U30/Z (OAI22HDLX)          0.25       0.65 r
  u_ex_stage/u_forwarding_unit/n26 (net)        1         0.00       0.65 r
  u_ex_stage/u_forwarding_unit/U50/E (AOI221HDLX)         0.00       0.65 r
  u_ex_stage/u_forwarding_unit/U50/Z (AOI221HDLX)         0.10       0.75 f
  u_ex_stage/u_forwarding_unit/n29 (net)        1         0.00       0.75 f
  u_ex_stage/u_forwarding_unit/U12/C (OAI21HDLX)          0.00       0.75 f
  u_ex_stage/u_forwarding_unit/U12/Z (OAI21HDLX)          0.15       0.90 r
  u_ex_stage/u_forwarding_unit/n30 (net)        1         0.00       0.90 r
  u_ex_stage/u_forwarding_unit/U51/D (AOI211HDLX)         0.00       0.90 r
  u_ex_stage/u_forwarding_unit/U51/Z (AOI211HDLX)         0.09       0.99 f
  u_ex_stage/u_forwarding_unit/n33 (net)        1         0.00       0.99 f
  u_ex_stage/u_forwarding_unit/U5/C (OAI21HDMX)           0.00       0.99 f
  u_ex_stage/u_forwarding_unit/U5/Z (OAI21HDMX)           0.12       1.11 r
  u_ex_stage/u_forwarding_unit/n34 (net)        1         0.00       1.11 r
  u_ex_stage/u_forwarding_unit/U4/D (AOI211HDLX)          0.00       1.11 r
  u_ex_stage/u_forwarding_unit/U4/Z (AOI211HDLX)          0.12       1.23 f
  u_ex_stage/u_forwarding_unit/n51 (net)        2         0.00       1.23 f
  u_ex_stage/u_forwarding_unit/U24/AN (NOR2B1HD1X)        0.00       1.23 f
  u_ex_stage/u_forwarding_unit/U24/Z (NOR2B1HD1X)         0.22       1.45 f
  u_ex_stage/u_forwarding_unit/forward_b[1] (net)
                                                2         0.00       1.45 f
  u_ex_stage/u_forwarding_unit/forward_b[1] (forwarding_unit)
                                                          0.00       1.45 f
  u_ex_stage/forward_b[1] (net)                           0.00       1.45 f
  U1345/A (INVHDMX)                                       0.00       1.45 f
  U1345/Z (INVHDMX)                                       0.12       1.57 r
  n1167 (net)                                   1         0.00       1.57 r
  U1689/B (NAND2HD1X)                                     0.00       1.57 r
  U1689/Z (NAND2HD1X)                                     0.07       1.63 f
  n1168 (net)                                   1         0.00       1.63 f
  U1343/A (BUFHD3X)                                       0.00       1.63 f
  U1343/Z (BUFHD3X)                                       0.17       1.80 f
  n1414 (net)                                  12         0.00       1.80 f
  U2169/A (INVHD1X)                                       0.00       1.80 f
  U2169/Z (INVHD1X)                                       0.69       2.50 r
  n1482 (net)                                  22         0.00       2.50 r
  U1549/B (AOI21HDLX)                                     0.00       2.50 r
  U1549/Z (AOI21HDLX)                                     0.14       2.63 f
  n1186 (net)                                   1         0.00       2.63 f
  U1292/B (NAND2HDUX)                                     0.00       2.63 f
  U1292/Z (NAND2HDUX)                                     0.92       3.55 r
  n2977 (net)                                   7         0.00       3.55 r
  U2286/AN (NOR2B1HDLX)                                   0.00       3.55 r
  U2286/Z (NOR2B1HDLX)                                    0.26       3.81 r
  n1530 (net)                                   2         0.00       3.81 r
  U1260/A (INVHDUX)                                       0.00       3.81 r
  U1260/Z (INVHDUX)                                       0.10       3.91 f
  n1521 (net)                                   1         0.00       3.91 f
  U2287/B (NAND2HDUX)                                     0.00       3.91 f
  U2287/Z (NAND2HDUX)                                     0.20       4.11 r
  n1523 (net)                                   1         0.00       4.11 r
  U2288/B (OAI22HDMX)                                     0.00       4.11 r
  U2288/Z (OAI22HDMX)                                     0.19       4.31 f
  n1581 (net)                                   2         0.00       4.31 f
  U2290/C (AOI211HDLX)                                    0.00       4.31 f
  U2290/Z (AOI211HDLX)                                    0.30       4.61 r
  n1533 (net)                                   2         0.00       4.61 r
  U2292/A (NAND2HDUX)                                     0.00       4.61 r
  U2292/Z (NAND2HDUX)                                     0.14       4.75 f
  n1582 (net)                                   1         0.00       4.75 f
  U2320/B (OAI222HDLX)                                    0.00       4.75 f
  U2320/Z (OAI222HDLX)                                    0.47       5.22 r
  n1703 (net)                                   2         0.00       5.22 r
  U2383/D (NAND4B1HDLX)                                   0.00       5.22 r
  U2383/Z (NAND4B1HDLX)                                   0.20       5.42 f
  n1706 (net)                                   1         0.00       5.42 f
  U2384/E (OAI221HDLX)                                    0.00       5.42 f
  U2384/Z (OAI221HDLX)                                    0.27       5.69 r
  n1711 (net)                                   1         0.00       5.69 r
  U2385/B (OAI21HDMX)                                     0.00       5.69 r
  U2385/Z (OAI21HDMX)                                     0.12       5.81 f
  n1712 (net)                                   1         0.00       5.81 f
  U1375/A (INVHDPX)                                       0.00       5.81 f
  U1375/Z (INVHDPX)                                       0.08       5.88 r
  n1713 (net)                                   1         0.00       5.88 r
  U2386/C (OAI21HDMX)                                     0.00       5.88 r
  U2386/Z (OAI21HDMX)                                     0.09       5.97 f
  n1715 (net)                                   1         0.00       5.97 f
  U1370/B (NAND2HD1X)                                     0.00       5.97 f
  U1370/Z (NAND2HD1X)                                     0.09       6.07 r
  n1716 (net)                                   1         0.00       6.07 r
  U2387/D (NAND4HDMX)                                     0.00       6.07 r
  U2387/Z (NAND4HDMX)                                     0.10       6.17 f
  n1719 (net)                                   1         0.00       6.17 f
  U1367/B (NAND2HD1X)                                     0.00       6.17 f
  U1367/Z (NAND2HD1X)                                     0.09       6.25 r
  n1721 (net)                                   1         0.00       6.25 r
  U1363/B (NAND2HD1X)                                     0.00       6.25 r
  U1363/Z (NAND2HD1X)                                     0.12       6.37 f
  n956 (net)                                    3         0.00       6.37 f
  u_pipeline_control/redirect_valid_BAR (pipeline_control_0)
                                                          0.00       6.37 f
  u_pipeline_control/redirect_valid (net)                 0.00       6.37 f
  u_pipeline_control/U9/A (NAND2HD1X)                     0.00       6.37 f
  u_pipeline_control/U9/Z (NAND2HD1X)                     0.18       6.55 r
  u_pipeline_control/n8 (net)                   4         0.00       6.55 r
  u_pipeline_control/U6/C (AOI21HDMX)                     0.00       6.55 r
  u_pipeline_control/U6/Z (AOI21HDMX)                     0.16       6.70 f
  u_pipeline_control/pc_en (net)                2         0.00       6.70 f
  u_pipeline_control/pc_en (pipeline_control_0)           0.00       6.70 f
  pc_en (net)                                             0.00       6.70 f
  u_if_stage/pc_en (if_stage_00000000)                    0.00       6.70 f
  u_if_stage/pc_en (net)                                  0.00       6.70 f
  u_if_stage/U5/A (INVHDUX)                               0.00       6.70 f
  u_if_stage/U5/Z (INVHDUX)                               1.03       7.73 r
  u_if_stage/imem_en_BAR (net)                 11         0.00       7.73 r
  u_if_stage/U204/A (INVHD1X)                             0.00       7.73 r
  u_if_stage/U204/Z (INVHD1X)                             0.76       8.49 f
  u_if_stage/n272 (net)                        30         0.00       8.49 f
  u_if_stage/U92/BN (AOI22B2HDLX)                         0.00       8.49 f
  u_if_stage/U92/Z (AOI22B2HDLX)                          0.28       8.77 f
  u_if_stage/n147 (net)                         1         0.00       8.77 f
  u_if_stage/if1_pc_q_reg[15]/D (FFDQRHDMX)               0.00       8.77 f
  data arrival time                                                  8.77

  clock clk (rise edge)                                  10.00      10.00
  clock network delay (ideal)                             0.00      10.00
  clock uncertainty                                      -1.00       9.00
  u_if_stage/if1_pc_q_reg[15]/CK (FFDQRHDMX)              0.00       9.00 r
  library setup time                                     -0.17       8.83
  data required time                                                 8.83
  --------------------------------------------------------------------------
  data required time                                                 8.83
  data arrival time                                                 -8.77
  --------------------------------------------------------------------------
  slack (MET)                                                        0.06


  Startpoint: u_ex_stage/ex_mem_rd_reg[3]
              (rising edge-triggered flip-flop clocked by clk)
  Endpoint: u_if_stage/if1_pc_q_reg[13]
            (rising edge-triggered flip-flop clocked by clk)
  Path Group: clk
  Path Type: max

  Des/Clust/Port     Wire Load Model       Library
  ------------------------------------------------
  regfile            reference_area_100000 smic13_tt
  pipeline_control_0 reference_area_20000  smic13_tt
  mem_stage          reference_area_20000  smic13_tt
  id_stage           reference_area_100000 smic13_tt
  cpu_core           reference_area_1000000
                                           smic13_tt
  if_stage_00000000  reference_area_20000  smic13_tt
  forwarding_unit    reference_area_20000  smic13_tt

  Point                                       Fanout      Incr       Path
  --------------------------------------------------------------------------
  clock clk (rise edge)                                   0.00       0.00
  clock network delay (ideal)                             0.00       0.00
  u_ex_stage/ex_mem_rd_reg[3]/CK (FFDQRHD1X)              0.00 #     0.00 r
  u_ex_stage/ex_mem_rd_reg[3]/Q (FFDQRHD1X)               0.30       0.30 r
  ex_mem_rd[3] (net)                            4         0.00       0.30 r
  u_ex_stage/u_forwarding_unit/mem_rd[3] (forwarding_unit)
                                                          0.00       0.30 r
  u_ex_stage/u_forwarding_unit/mem_rd[3] (net)            0.00       0.30 r
  u_ex_stage/u_forwarding_unit/U7/A (INVHDPX)             0.00       0.30 r
  u_ex_stage/u_forwarding_unit/U7/Z (INVHDPX)             0.10       0.40 f
  u_ex_stage/u_forwarding_unit/n28 (net)        4         0.00       0.40 f
  u_ex_stage/u_forwarding_unit/U30/A (OAI22HDLX)          0.00       0.40 f
  u_ex_stage/u_forwarding_unit/U30/Z (OAI22HDLX)          0.25       0.65 r
  u_ex_stage/u_forwarding_unit/n26 (net)        1         0.00       0.65 r
  u_ex_stage/u_forwarding_unit/U50/E (AOI221HDLX)         0.00       0.65 r
  u_ex_stage/u_forwarding_unit/U50/Z (AOI221HDLX)         0.10       0.75 f
  u_ex_stage/u_forwarding_unit/n29 (net)        1         0.00       0.75 f
  u_ex_stage/u_forwarding_unit/U12/C (OAI21HDLX)          0.00       0.75 f
  u_ex_stage/u_forwarding_unit/U12/Z (OAI21HDLX)          0.15       0.90 r
  u_ex_stage/u_forwarding_unit/n30 (net)        1         0.00       0.90 r
  u_ex_stage/u_forwarding_unit/U51/D (AOI211HDLX)         0.00       0.90 r
  u_ex_stage/u_forwarding_unit/U51/Z (AOI211HDLX)         0.09       0.99 f
  u_ex_stage/u_forwarding_unit/n33 (net)        1         0.00       0.99 f
  u_ex_stage/u_forwarding_unit/U5/C (OAI21HDMX)           0.00       0.99 f
  u_ex_stage/u_forwarding_unit/U5/Z (OAI21HDMX)           0.12       1.11 r
  u_ex_stage/u_forwarding_unit/n34 (net)        1         0.00       1.11 r
  u_ex_stage/u_forwarding_unit/U4/D (AOI211HDLX)          0.00       1.11 r
  u_ex_stage/u_forwarding_unit/U4/Z (AOI211HDLX)          0.12       1.23 f
  u_ex_stage/u_forwarding_unit/n51 (net)        2         0.00       1.23 f
  u_ex_stage/u_forwarding_unit/U24/AN (NOR2B1HD1X)        0.00       1.23 f
  u_ex_stage/u_forwarding_unit/U24/Z (NOR2B1HD1X)         0.22       1.45 f
  u_ex_stage/u_forwarding_unit/forward_b[1] (net)
                                                2         0.00       1.45 f
  u_ex_stage/u_forwarding_unit/forward_b[1] (forwarding_unit)
                                                          0.00       1.45 f
  u_ex_stage/forward_b[1] (net)                           0.00       1.45 f
  U1345/A (INVHDMX)                                       0.00       1.45 f
  U1345/Z (INVHDMX)                                       0.12       1.57 r
  n1167 (net)                                   1         0.00       1.57 r
  U1689/B (NAND2HD1X)                                     0.00       1.57 r
  U1689/Z (NAND2HD1X)                                     0.07       1.63 f
  n1168 (net)                                   1         0.00       1.63 f
  U1343/A (BUFHD3X)                                       0.00       1.63 f
  U1343/Z (BUFHD3X)                                       0.17       1.80 f
  n1414 (net)                                  12         0.00       1.80 f
  U2169/A (INVHD1X)                                       0.00       1.80 f
  U2169/Z (INVHD1X)                                       0.69       2.50 r
  n1482 (net)                                  22         0.00       2.50 r
  U1549/B (AOI21HDLX)                                     0.00       2.50 r
  U1549/Z (AOI21HDLX)                                     0.14       2.63 f
  n1186 (net)                                   1         0.00       2.63 f
  U1292/B (NAND2HDUX)                                     0.00       2.63 f
  U1292/Z (NAND2HDUX)                                     0.92       3.55 r
  n2977 (net)                                   7         0.00       3.55 r
  U2286/AN (NOR2B1HDLX)                                   0.00       3.55 r
  U2286/Z (NOR2B1HDLX)                                    0.26       3.81 r
  n1530 (net)                                   2         0.00       3.81 r
  U1260/A (INVHDUX)                                       0.00       3.81 r
  U1260/Z (INVHDUX)                                       0.10       3.91 f
  n1521 (net)                                   1         0.00       3.91 f
  U2287/B (NAND2HDUX)                                     0.00       3.91 f
  U2287/Z (NAND2HDUX)                                     0.20       4.11 r
  n1523 (net)                                   1         0.00       4.11 r
  U2288/B (OAI22HDMX)                                     0.00       4.11 r
  U2288/Z (OAI22HDMX)                                     0.19       4.31 f
  n1581 (net)                                   2         0.00       4.31 f
  U2290/C (AOI211HDLX)                                    0.00       4.31 f
  U2290/Z (AOI211HDLX)                                    0.30       4.61 r
  n1533 (net)                                   2         0.00       4.61 r
  U2292/A (NAND2HDUX)                                     0.00       4.61 r
  U2292/Z (NAND2HDUX)                                     0.14       4.75 f
  n1582 (net)                                   1         0.00       4.75 f
  U2320/B (OAI222HDLX)                                    0.00       4.75 f
  U2320/Z (OAI222HDLX)                                    0.47       5.22 r
  n1703 (net)                                   2         0.00       5.22 r
  U2383/D (NAND4B1HDLX)                                   0.00       5.22 r
  U2383/Z (NAND4B1HDLX)                                   0.20       5.42 f
  n1706 (net)                                   1         0.00       5.42 f
  U2384/E (OAI221HDLX)                                    0.00       5.42 f
  U2384/Z (OAI221HDLX)                                    0.27       5.69 r
  n1711 (net)                                   1         0.00       5.69 r
  U2385/B (OAI21HDMX)                                     0.00       5.69 r
  U2385/Z (OAI21HDMX)                                     0.12       5.81 f
  n1712 (net)                                   1         0.00       5.81 f
  U1375/A (INVHDPX)                                       0.00       5.81 f
  U1375/Z (INVHDPX)                                       0.08       5.88 r
  n1713 (net)                                   1         0.00       5.88 r
  U2386/C (OAI21HDMX)                                     0.00       5.88 r
  U2386/Z (OAI21HDMX)                                     0.09       5.97 f
  n1715 (net)                                   1         0.00       5.97 f
  U1370/B (NAND2HD1X)                                     0.00       5.97 f
  U1370/Z (NAND2HD1X)                                     0.09       6.07 r
  n1716 (net)                                   1         0.00       6.07 r
  U2387/D (NAND4HDMX)                                     0.00       6.07 r
  U2387/Z (NAND4HDMX)                                     0.10       6.17 f
  n1719 (net)                                   1         0.00       6.17 f
  U1367/B (NAND2HD1X)                                     0.00       6.17 f
  U1367/Z (NAND2HD1X)                                     0.09       6.25 r
  n1721 (net)                                   1         0.00       6.25 r
  U1363/B (NAND2HD1X)                                     0.00       6.25 r
  U1363/Z (NAND2HD1X)                                     0.12       6.37 f
  n956 (net)                                    3         0.00       6.37 f
  u_pipeline_control/redirect_valid_BAR (pipeline_control_0)
                                                          0.00       6.37 f
  u_pipeline_control/redirect_valid (net)                 0.00       6.37 f
  u_pipeline_control/U9/A (NAND2HD1X)                     0.00       6.37 f
  u_pipeline_control/U9/Z (NAND2HD1X)                     0.18       6.55 r
  u_pipeline_control/n8 (net)                   4         0.00       6.55 r
  u_pipeline_control/U6/C (AOI21HDMX)                     0.00       6.55 r
  u_pipeline_control/U6/Z (AOI21HDMX)                     0.16       6.70 f
  u_pipeline_control/pc_en (net)                2         0.00       6.70 f
  u_pipeline_control/pc_en (pipeline_control_0)           0.00       6.70 f
  pc_en (net)                                             0.00       6.70 f
  u_if_stage/pc_en (if_stage_00000000)                    0.00       6.70 f
  u_if_stage/pc_en (net)                                  0.00       6.70 f
  u_if_stage/U5/A (INVHDUX)                               0.00       6.70 f
  u_if_stage/U5/Z (INVHDUX)                               1.03       7.73 r
  u_if_stage/imem_en_BAR (net)                 11         0.00       7.73 r
  u_if_stage/U204/A (INVHD1X)                             0.00       7.73 r
  u_if_stage/U204/Z (INVHD1X)                             0.76       8.49 f
  u_if_stage/n272 (net)                        30         0.00       8.49 f
  u_if_stage/U91/BN (AOI22B2HDLX)                         0.00       8.49 f
  u_if_stage/U91/Z (AOI22B2HDLX)                          0.28       8.77 f
  u_if_stage/n145 (net)                         1         0.00       8.77 f
  u_if_stage/if1_pc_q_reg[13]/D (FFDQRHDMX)               0.00       8.77 f
  data arrival time                                                  8.77

  clock clk (rise edge)                                  10.00      10.00
  clock network delay (ideal)                             0.00      10.00
  clock uncertainty                                      -1.00       9.00
  u_if_stage/if1_pc_q_reg[13]/CK (FFDQRHDMX)              0.00       9.00 r
  library setup time                                     -0.17       8.83
  data required time                                                 8.83
  --------------------------------------------------------------------------
  data required time                                                 8.83
  data arrival time                                                 -8.77
  --------------------------------------------------------------------------
  slack (MET)                                                        0.06


  Startpoint: u_ex_stage/ex_mem_rd_reg[3]
              (rising edge-triggered flip-flop clocked by clk)
  Endpoint: u_if_stage/if1_pc_q_reg[11]
            (rising edge-triggered flip-flop clocked by clk)
  Path Group: clk
  Path Type: max

  Des/Clust/Port     Wire Load Model       Library
  ------------------------------------------------
  regfile            reference_area_100000 smic13_tt
  pipeline_control_0 reference_area_20000  smic13_tt
  mem_stage          reference_area_20000  smic13_tt
  id_stage           reference_area_100000 smic13_tt
  cpu_core           reference_area_1000000
                                           smic13_tt
  if_stage_00000000  reference_area_20000  smic13_tt
  forwarding_unit    reference_area_20000  smic13_tt

  Point                                       Fanout      Incr       Path
  --------------------------------------------------------------------------
  clock clk (rise edge)                                   0.00       0.00
  clock network delay (ideal)                             0.00       0.00
  u_ex_stage/ex_mem_rd_reg[3]/CK (FFDQRHD1X)              0.00 #     0.00 r
  u_ex_stage/ex_mem_rd_reg[3]/Q (FFDQRHD1X)               0.30       0.30 r
  ex_mem_rd[3] (net)                            4         0.00       0.30 r
  u_ex_stage/u_forwarding_unit/mem_rd[3] (forwarding_unit)
                                                          0.00       0.30 r
  u_ex_stage/u_forwarding_unit/mem_rd[3] (net)            0.00       0.30 r
  u_ex_stage/u_forwarding_unit/U7/A (INVHDPX)             0.00       0.30 r
  u_ex_stage/u_forwarding_unit/U7/Z (INVHDPX)             0.10       0.40 f
  u_ex_stage/u_forwarding_unit/n28 (net)        4         0.00       0.40 f
  u_ex_stage/u_forwarding_unit/U30/A (OAI22HDLX)          0.00       0.40 f
  u_ex_stage/u_forwarding_unit/U30/Z (OAI22HDLX)          0.25       0.65 r
  u_ex_stage/u_forwarding_unit/n26 (net)        1         0.00       0.65 r
  u_ex_stage/u_forwarding_unit/U50/E (AOI221HDLX)         0.00       0.65 r
  u_ex_stage/u_forwarding_unit/U50/Z (AOI221HDLX)         0.10       0.75 f
  u_ex_stage/u_forwarding_unit/n29 (net)        1         0.00       0.75 f
  u_ex_stage/u_forwarding_unit/U12/C (OAI21HDLX)          0.00       0.75 f
  u_ex_stage/u_forwarding_unit/U12/Z (OAI21HDLX)          0.15       0.90 r
  u_ex_stage/u_forwarding_unit/n30 (net)        1         0.00       0.90 r
  u_ex_stage/u_forwarding_unit/U51/D (AOI211HDLX)         0.00       0.90 r
  u_ex_stage/u_forwarding_unit/U51/Z (AOI211HDLX)         0.09       0.99 f
  u_ex_stage/u_forwarding_unit/n33 (net)        1         0.00       0.99 f
  u_ex_stage/u_forwarding_unit/U5/C (OAI21HDMX)           0.00       0.99 f
  u_ex_stage/u_forwarding_unit/U5/Z (OAI21HDMX)           0.12       1.11 r
  u_ex_stage/u_forwarding_unit/n34 (net)        1         0.00       1.11 r
  u_ex_stage/u_forwarding_unit/U4/D (AOI211HDLX)          0.00       1.11 r
  u_ex_stage/u_forwarding_unit/U4/Z (AOI211HDLX)          0.12       1.23 f
  u_ex_stage/u_forwarding_unit/n51 (net)        2         0.00       1.23 f
  u_ex_stage/u_forwarding_unit/U24/AN (NOR2B1HD1X)        0.00       1.23 f
  u_ex_stage/u_forwarding_unit/U24/Z (NOR2B1HD1X)         0.22       1.45 f
  u_ex_stage/u_forwarding_unit/forward_b[1] (net)
                                                2         0.00       1.45 f
  u_ex_stage/u_forwarding_unit/forward_b[1] (forwarding_unit)
                                                          0.00       1.45 f
  u_ex_stage/forward_b[1] (net)                           0.00       1.45 f
  U1345/A (INVHDMX)                                       0.00       1.45 f
  U1345/Z (INVHDMX)                                       0.12       1.57 r
  n1167 (net)                                   1         0.00       1.57 r
  U1689/B (NAND2HD1X)                                     0.00       1.57 r
  U1689/Z (NAND2HD1X)                                     0.07       1.63 f
  n1168 (net)                                   1         0.00       1.63 f
  U1343/A (BUFHD3X)                                       0.00       1.63 f
  U1343/Z (BUFHD3X)                                       0.17       1.80 f
  n1414 (net)                                  12         0.00       1.80 f
  U2169/A (INVHD1X)                                       0.00       1.80 f
  U2169/Z (INVHD1X)                                       0.69       2.50 r
  n1482 (net)                                  22         0.00       2.50 r
  U1549/B (AOI21HDLX)                                     0.00       2.50 r
  U1549/Z (AOI21HDLX)                                     0.14       2.63 f
  n1186 (net)                                   1         0.00       2.63 f
  U1292/B (NAND2HDUX)                                     0.00       2.63 f
  U1292/Z (NAND2HDUX)                                     0.92       3.55 r
  n2977 (net)                                   7         0.00       3.55 r
  U2286/AN (NOR2B1HDLX)                                   0.00       3.55 r
  U2286/Z (NOR2B1HDLX)                                    0.26       3.81 r
  n1530 (net)                                   2         0.00       3.81 r
  U1260/A (INVHDUX)                                       0.00       3.81 r
  U1260/Z (INVHDUX)                                       0.10       3.91 f
  n1521 (net)                                   1         0.00       3.91 f
  U2287/B (NAND2HDUX)                                     0.00       3.91 f
  U2287/Z (NAND2HDUX)                                     0.20       4.11 r
  n1523 (net)                                   1         0.00       4.11 r
  U2288/B (OAI22HDMX)                                     0.00       4.11 r
  U2288/Z (OAI22HDMX)                                     0.19       4.31 f
  n1581 (net)                                   2         0.00       4.31 f
  U2290/C (AOI211HDLX)                                    0.00       4.31 f
  U2290/Z (AOI211HDLX)                                    0.30       4.61 r
  n1533 (net)                                   2         0.00       4.61 r
  U2292/A (NAND2HDUX)                                     0.00       4.61 r
  U2292/Z (NAND2HDUX)                                     0.14       4.75 f
  n1582 (net)                                   1         0.00       4.75 f
  U2320/B (OAI222HDLX)                                    0.00       4.75 f
  U2320/Z (OAI222HDLX)                                    0.47       5.22 r
  n1703 (net)                                   2         0.00       5.22 r
  U2383/D (NAND4B1HDLX)                                   0.00       5.22 r
  U2383/Z (NAND4B1HDLX)                                   0.20       5.42 f
  n1706 (net)                                   1         0.00       5.42 f
  U2384/E (OAI221HDLX)                                    0.00       5.42 f
  U2384/Z (OAI221HDLX)                                    0.27       5.69 r
  n1711 (net)                                   1         0.00       5.69 r
  U2385/B (OAI21HDMX)                                     0.00       5.69 r
  U2385/Z (OAI21HDMX)                                     0.12       5.81 f
  n1712 (net)                                   1         0.00       5.81 f
  U1375/A (INVHDPX)                                       0.00       5.81 f
  U1375/Z (INVHDPX)                                       0.08       5.88 r
  n1713 (net)                                   1         0.00       5.88 r
  U2386/C (OAI21HDMX)                                     0.00       5.88 r
  U2386/Z (OAI21HDMX)                                     0.09       5.97 f
  n1715 (net)                                   1         0.00       5.97 f
  U1370/B (NAND2HD1X)                                     0.00       5.97 f
  U1370/Z (NAND2HD1X)                                     0.09       6.07 r
  n1716 (net)                                   1         0.00       6.07 r
  U2387/D (NAND4HDMX)                                     0.00       6.07 r
  U2387/Z (NAND4HDMX)                                     0.10       6.17 f
  n1719 (net)                                   1         0.00       6.17 f
  U1367/B (NAND2HD1X)                                     0.00       6.17 f
  U1367/Z (NAND2HD1X)                                     0.09       6.25 r
  n1721 (net)                                   1         0.00       6.25 r
  U1363/B (NAND2HD1X)                                     0.00       6.25 r
  U1363/Z (NAND2HD1X)                                     0.12       6.37 f
  n956 (net)                                    3         0.00       6.37 f
  u_pipeline_control/redirect_valid_BAR (pipeline_control_0)
                                                          0.00       6.37 f
  u_pipeline_control/redirect_valid (net)                 0.00       6.37 f
  u_pipeline_control/U9/A (NAND2HD1X)                     0.00       6.37 f
  u_pipeline_control/U9/Z (NAND2HD1X)                     0.18       6.55 r
  u_pipeline_control/n8 (net)                   4         0.00       6.55 r
  u_pipeline_control/U6/C (AOI21HDMX)                     0.00       6.55 r
  u_pipeline_control/U6/Z (AOI21HDMX)                     0.16       6.70 f
  u_pipeline_control/pc_en (net)                2         0.00       6.70 f
  u_pipeline_control/pc_en (pipeline_control_0)           0.00       6.70 f
  pc_en (net)                                             0.00       6.70 f
  u_if_stage/pc_en (if_stage_00000000)                    0.00       6.70 f
  u_if_stage/pc_en (net)                                  0.00       6.70 f
  u_if_stage/U5/A (INVHDUX)                               0.00       6.70 f
  u_if_stage/U5/Z (INVHDUX)                               1.03       7.73 r
  u_if_stage/imem_en_BAR (net)                 11         0.00       7.73 r
  u_if_stage/U204/A (INVHD1X)                             0.00       7.73 r
  u_if_stage/U204/Z (INVHD1X)                             0.76       8.49 f
  u_if_stage/n272 (net)                        30         0.00       8.49 f
  u_if_stage/U90/BN (AOI22B2HDLX)                         0.00       8.49 f
  u_if_stage/U90/Z (AOI22B2HDLX)                          0.28       8.77 f
  u_if_stage/n143 (net)                         1         0.00       8.77 f
  u_if_stage/if1_pc_q_reg[11]/D (FFDQRHDMX)               0.00       8.77 f
  data arrival time                                                  8.77

  clock clk (rise edge)                                  10.00      10.00
  clock network delay (ideal)                             0.00      10.00
  clock uncertainty                                      -1.00       9.00
  u_if_stage/if1_pc_q_reg[11]/CK (FFDQRHDMX)              0.00       9.00 r
  library setup time                                     -0.17       8.83
  data required time                                                 8.83
  --------------------------------------------------------------------------
  data required time                                                 8.83
  data arrival time                                                 -8.77
  --------------------------------------------------------------------------
  slack (MET)                                                        0.06


1
